country,1959,1960,1961,1962,1963,1964,1965,1966,1967,1968,1969,1970,1971,1972,1973,1974,1975,1976,1977,1978,1979,1980,1981,1982,1983,1984,1985,1986,1987,1988,1989,1990,1991,1992,1993,1994,1995,1996,1997,1998,1999,2000,2001,2002,2003,2004,2005,2006,2007,2008,2009,2010,2011,2012,2013,2014,2015,2016,2017,2018
Aruba,,,,,,,,,,,,,,,,,,,,,,,,,,191,645,338,316,399,482,386,439,343,238,321,235,293,129,−82.9,,,,,,,,,,,,,,,,,,,,
Afghanistan,1.91,3.78,1.81,3.84,4.74,5.42,5,3.95,2.75,2.5,2.47,3.87,4.68,4.6,3.94,5.28,5.42,6.28,5.58,7.4,2.14,1.74,0.756,1.08,0.55,1.37,0.226,4.01,6.33,12.6,9.89,38.2,14.1,14.1,13.3,11.7,9,11.9,8.32,7.08,6.55,19,54.1,65,91.7,110,110,184,174,215,214,224,214,160,148,124,115,105,102,113
Angola,−0.00917,4.26,,0.00528,,0.192,0.495,3.15,0.00173,−0.019,−0.00509,0,0.0144,0.0246,0.0547,0.678,2.4,6.3,6.02,5.84,6.29,6.97,6.6,7.96,9.72,9.08,12.6,12.6,14.2,14.6,22.4,22.6,27.1,22.1,33.1,29.9,31.9,23.8,21.8,24.4,18.4,16.7,23.6,27.2,61,21.3,8.12,12.4,17,10.6,10.1,7.97,9.7,11,8.74,13.6,7.16,7.49,5.28,1.56
Albania,,,,,,,,,,,,,,,,,,,,,,,,,,,,,1.77,3.2,3.36,102,126,83.9,50.8,56.7,71.5,53.4,85.9,157,103,87.7,101,115,99.4,105,108,104,124,122,125,131,120,93.3,97.3,116,59.5,58.6,120,9.95
United Arab Emirates,4.44,5.36,3.84,3.12,4.2,0.133,8.13,9.25,6.19,4.28,22.6,20.2,14.1,1.93,1.26,7.39,1.63,47.4,2.02,7.54,4,0.301,4.03,3.51,2.57,2.96,23.6,74.8,−7.36,−3.44,1.94,−3.95,−4.74,−4.68,−3.5,2.24,,,,,,,,,,,,,,,,,,,,,,,,
Argentina,2.15,2.63,2.61,1.3,−0.242,−2.58,−0.413,0.393,0.117,0.748,−0.102,0.205,0.0767,0.541,0.626,0.464,0.536,0.615,0.619,1.03,1.57,1.3,1.02,1.18,1.1,1.29,2.4,2.67,4.5,6.27,5.26,8.4,7.96,7.24,4.68,4.25,3.47,2.78,2.05,2.26,2.02,4.23,2.63,3.09,2.53,2.41,2.91,2.27,3.12,2.87,3.19,2.35,4.26,0.823,1.14,−0.437,0.0601,−0.0266,1.64,0.406
Armenia,,,,,,,,,,,,,,,,,,,,,,,,,,,,,,,,0.776,6.52,32.5,58.2,67.7,92.3,53.1,62.5,67.7,70.3,69.3,97.3,83,85.4,57.9,72.8,120,102,140,111,131,93.8,96.8,91.8,119,111,87.5,48,142
Antigua and Barbuda,,,,,,,,,,,,,,0.157,47.5,32.9,49.9,86.5,58,52.9,88.9,146,80.1,54.5,38.2,47.7,81.8,90.1,137,70,73.7,114,72.4,45.6,61.9,33.1,55.1,60.7,136,145,130,111,173,71,23.6,98.9,39.7,59.4,71.1,49.1,223,173,23.1,17.4,27.5,15.9,1.9,108,183,283
Azerbaijan,,,,,,,,,,,,,,,,,,,,,,,,,,,,,,,,0.0413,1.01,3.18,19.6,15.6,12.4,23.5,15.2,21.4,17.5,28.5,42.9,36.7,21.2,25.1,24,24.9,25.7,24.3,17.3,31.4,30.9,−7.52,22.7,7.21,8.14,12.5,8.79,12.1
Burundi,2.69,2.52,3.81,2.08,2.67,1.57,2.82,3.2,3.89,4.37,5.08,6.14,7.22,7.45,10.2,12.8,11.6,12.4,18.7,23.3,27.9,28.3,28.6,30.6,29.8,28.9,39.1,39.1,38.8,38.9,48.3,46.1,54.4,37.4,52.7,47.9,18.2,9.21,11.1,12,14.6,21.3,25.6,32.9,50.3,49.6,56.8,64.2,64,68.6,72.3,63.9,56.7,58.6,52.4,36.1,70.8,40.3,40.4,51.1
Benin,0.00822,0.6,1.5,1.68,6.99,6.79,5.56,5.95,4.71,4.61,5.06,9.74,6.58,8.5,10.4,16.6,15.2,14.2,17.1,23.4,23.7,21.3,20.3,21,18,21.9,30.6,29.5,33.8,55.6,53.6,51.6,50.5,52.1,44.9,47.5,47.3,35.2,31.7,31.9,35.6,39.6,30.4,40.2,50.6,43.7,48.7,56.2,73.2,75.7,74.9,71.1,52.2,66,58.3,41.3,46.1,60.8,50,51
Burkina Faso,0.0414,0.276,0.893,0.823,3.02,3.34,3.21,3.67,4.2,4.34,3.91,5.03,5.89,9.59,15.9,14.4,12.7,17,24,29.4,30.8,30.8,29.4,24.7,24.3,24.4,33.9,32.9,34.3,30.9,37.1,46.4,46.6,49.1,44.1,48.6,40.4,34.6,36.5,35.3,15.5,32.7,35.8,42.7,49.7,52,65.1,66.1,68.1,71.6,66.9,61.1,69.5,61.2,63.9,55.1,55.2,46.5,56.1,56.5
Bangladesh,,,,,,,,,,,,0.234,3.36,6.23,7.73,15.1,6.86,10.5,12.7,14.5,15.4,12.9,15.5,11.5,12.5,10.8,13.8,16.9,14.2,14.7,17.3,15.3,13.9,10.6,12.3,8.97,8.2,7.18,7.98,8.03,7.65,7.06,6.09,9.66,10.4,9,7.29,9.17,12.2,7.42,8.99,9.63,14.3,17.2,15.7,16.6,16,23.7,18.9,27.5
Bahrain,0.246,5.6,7.8,3.59,3.17,4.7,50.6,0.255,0.997,0.679,4.47,21.3,12.4,59.5,150,97,575,158,260,395,574,527,404,644,519,177,230,19.7,−5.61,−3.66,277,186,153,208,174,177,229,253,325,97.2,90.9,102,83.8,169,70.2,,,,,,,,,,,,,,,
Bahamas,−0.365,,,0.157,0.449,0.5,0.342,4.52,0.315,0.426,0.472,1.44,6.86,2.64,2.81,3.49,3.06,2.38,3.87,4.32,6.74,6.46,6,3.95,43.7,2.98,6.86,2.63,5.74,15.6,12.3,10.6,10.6,4.28,3.63,15.7,,,,,,,,,,,,,,,,,,,,,,,,
Bosnia and Herzegovina,,,,,,,,,,,,,,,,,,,,,,,,,,,,,,0.00222,0.00224,0.00229,3.71,17.2,104,252,226,231,245,344,197,170,148,144,182,143,143,159,124,112,138,171,158,147,181,104,132,131,107,141
Belarus,,,,,,,,,,,,,,,,,,,,,,,,,,,,,,,,,,,,,,,,,,,,,,6,7.78,8.94,11.7,10.3,14.4,12.7,10.9,11.3,12.8,11.1,−2.36,−26.4,12.6,22.7
Belize,19.8,29.8,56.7,40.5,15,20.1,23.6,51.8,47.6,57.3,48.7,40.6,31.5,36.1,47.4,65.4,86.1,69.6,131,147,101,76.6,79.4,96.6,86.7,133,142,135,140,155,162,114,135,157,160,91,98.4,62.1,63.1,198,65.3,88.2,88.7,47.1,24.2,41.3,26.5,71.2,76.2,83.4,75,63.6,77.5,148,106,78.3,94.9,91,88.2,96.5
Bermuda,,,,,0.204,0.998,1.18,1.15,0.755,0.185,0.182,,0.184,,0.562,0.377,0.564,1.5,2.99,2.79,5.12,3.81,1.26,1.25,1.42,16.5,1.57,3.98,0.686,1.7,711,−80,−85.3,−81.8,−210,−34.8,−67.7,,,,,,,,,,,,,,,,,,,,,,,
Bolivia,3.64,6.27,8.59,12.4,9.57,8.76,7.29,7.12,9.78,7.58,6.64,6.99,10.2,5.03,11,9.48,10.7,13,21.5,22.6,24.7,21.9,18.8,25.8,21.6,25.8,39.8,43.8,62.1,72.1,70.7,68.1,91.7,74.7,72.2,89.1,97.7,79.2,67.9,63,50.6,78.8,68.7,85.6,77.9,58.8,86,45.9,60.6,61.9,55.8,53.5,63.8,66.6,63,72.8,63.1,84.8,64.2,62.2
Brazil,0.548,3.91,2.35,2.35,2.9,2.81,3.74,2.05,2.43,1.5,1.44,1.23,0.946,0.637,1.24,1.24,0.843,0.601,0.776,0.745,0.689,1.84,1.4,0.824,1.16,0.628,1.07,2.08,1.52,1.59,1.17,1.29,−1.53,1.26,1.63,1.63,1.57,1.37,1.53,0.838,1.46,1.42,1.32,1.26,0.969,1.17,0.586,1.73,2.44,1.93,2.37,4.26,6.47,5.75,4.51,4.91,3.27,1.32,2.12,1.38
Barbados,,,,,,,6.78,2.49,3.58,5.46,9.71,19,19.5,19.1,14.7,17.5,23.4,18.8,35.5,25.5,28.2,41.7,33.7,64,22.3,23.6,17.5,18.4,7.07,3.81,8.74,8.86,4.87,18.9,10.9,1.92,21.5,21.8,63.8,−2.18,6.63,1.17,17.4,77.5,110,−2.28,−3.21,67.1,33.1,41.8,55.2,,,,,,,,,
Brunei,0.122,5.61,8.16,0.428,0.716,0.781,0.746,0.623,0.254,0.243,0.0772,0.369,0.141,0.808,0.967,0.866,0.654,0.458,0.552,0.48,0.155,0.95,1.31,2.07,3.71,6.24,11,13.6,18.5,18.1,15,13.6,19.6,18,18.2,14.4,,,,,,,,,,,,,,,,,,,,,,,,
Bhutan,,,,0.0416,0.0405,0.63,0.191,0.037,0.502,0.347,0.706,0.456,0.6,1.59,1.81,6.03,8.95,7.81,8.14,12.6,19.8,23.1,26.2,28.1,37,44.5,76.5,74,70.5,71,78.1,104,99,116,136,130,105,108,92.9,114,79.7,90.5,97.4,116,113,121,141,144,118,149,142,171,230,193,182,134,70,159,143,238
Botswana,6.82,10.6,10,9.95,16.2,18.4,31.3,31.3,28,21.9,22.6,27.3,47.1,52.3,51,68.7,61.5,59,82.6,115,117,104,105,104,98.8,89.4,90.6,134,125,127,113,98.8,81.6,92.8,59.4,61,49.6,79,67.4,37.8,18.6,17.3,21.9,16.2,26.4,26.8,36.3,56,377,145,77.8,58.8,35.8,52.1,47.6,30.9,41.9,46.3,38,29.9
Central African Republic,0.02,0.275,0.735,1.25,10.4,9.62,9.36,12,9.91,11.1,7.94,8.45,13.7,13.5,19,28,19.4,22,24.4,38.9,50.1,44.7,38.3,38.4,53.1,40.9,52,68,76,68.7,88.7,60.3,60,56.4,53.4,52.1,51.1,27,34.7,33.4,20.8,20.5,15.8,13.3,27.8,22,32.4,42.9,60.9,55.6,59.5,60.8,51.4,45.6,137,108,112,111,141,159
Chile,2.12,14.9,15.9,15.3,12.6,11.7,13.5,9.98,8.01,7.75,5.79,2.75,3.77,3.87,1.46,10.7,0.969,0.981,0.339,−2.66,−0.661,0.0475,−0.0698,0.716,0.956,4.03,0.3,2.28,4.04,5.26,8.22,9.26,9.96,12.8,11,11.2,13.5,8.84,7.18,4.69,3.29,3.6,−0.451,5.07,3.38,10.6,6.05,6.43,6.16,4.5,10.7,9.35,7.36,4.58,13.8,3.02,9.8,3.81,,
China,,,,,,,,,,,,,,,,,,,,0.0174,0.0668,0.479,0.519,0.654,0.769,0.893,1.03,1.27,1.74,1.85,1.79,1.67,2.57,2.72,2.63,2.87,2.18,1.68,1.98,1.92,1.39,1.18,1.18,1.06,1.32,1.38,0.968,1.1,0.986,0.857,0.502,−0.449,−0.133,−0.482,−0.69,−0.222,−0.57,−0.709,−0.503,−0.419
Cote d'Ivoire,0.0371,0.928,2.39,2.21,9.58,9.14,8.2,7.49,9.51,10.1,10.3,9.58,8.66,10.8,12.4,15.5,16,14.8,17.6,20.8,26.1,14.7,15.6,17,12.9,11.8,16.9,22.5,38.3,34.3,57.6,51,59,57.5,116,85.4,65.8,29.5,62,27.9,21.3,11,62,14.4,8.94,4.97,13.2,8.92,29.8,120,41.2,68.4,135,57.7,40.8,28.1,25.8,33.9,38.3,46.7
Cameroon,0.0734,1.35,1.75,1.61,4.92,5.59,8.22,6.26,7.72,5.91,9.09,7.2,9.15,8.63,8.54,14.7,17.6,22.7,22.1,33.1,30.7,22.3,23.1,13.5,18.8,15.1,20.8,18.9,24.9,39.6,37.7,42.5,57.2,42.3,55.3,32.6,29.4,34.9,33.9,28.7,24.3,28.8,37,52.7,45.2,23.5,94.2,104,28.7,32.5,26.6,29.3,27.8,34.1,37.7,28.5,31.6,49.5,46.2,51.6
"Congo, Dem. Rep.",5.38,5.83,7.54,6.77,7.51,8.18,5.21,5.1,4.05,4.3,4.47,5.22,5.76,6.4,8.08,11.3,8.2,10.7,12.6,16.2,16.4,14.5,12.5,10.9,10.3,10.2,13.7,21.4,17,21.8,25.9,13.2,7.19,4.58,6.08,4.68,3.89,3.6,2.83,2.95,3.79,5.09,23.6,105,36.2,34.3,38.8,23.1,29.2,37.8,54,82.8,41.2,36.2,32.5,34.1,26.7,28.2,29.9,34.9
"Congo, Rep.",0.0196,0.182,2.87,5.15,15.8,13.7,21.2,15.4,17,13.3,11.6,12.6,16.4,18.4,25.3,36.4,45.9,29.5,47.8,52.2,51.3,43.9,48.8,55.3,48.3,33.6,50.8,63.3,38.8,39.5,92.1,55,46.2,48.6,138,46.9,155,93.7,22,46.3,10.3,23,17.3,20.3,33,393,69,30,121,68.5,308,59.4,31.1,32.7,22.4,18.3,17.5,20.9,27.9,34.8
Colombia,−0.447,3.17,2.87,4.03,2.32,2.13,4.33,4.8,5.76,5.08,6.2,4.73,4.56,5.61,3.7,2.93,2.76,1.6,2.24,1.5,1.57,1.94,2.2,1.52,1.7,1.75,1.64,2.62,2.51,2.32,3.05,3.89,6.93,3.03,2.57,4.99,5.26,5.06,4.67,8.16,5.11,9.93,11.2,19.7,12.7,15.1,23.3,17,22.1,23.7,14.9,22.2,16.6,18.4,26.1,28.5,23,17.4,35.9,17.9
Comoros,,,,,,,28.8,44.9,35.6,28.2,34.3,37.6,42.7,72.2,109,83.8,95,43.8,46.9,65.8,140,146,116,112,124,133,126,144,132,110,109,149,110,108,83.7,87.5,80.2,60.2,78.8,41.8,35.6,49.8,48.4,42.2,43.3,37.8,51.1,70.2,64,75.4,101,78.3,140,110,98.7,84.6,67.6,82.6,109,92
Cape Verde,,13.2,,,,,10.1,2.87,,0.038,,,,,,32,88.3,95.3,127,116,218,169,175,187,198,206,329,263,253,251,312,295,327,314,318,300,294,275,315,326,221,179,209,323,315,352,297,350,461,404,664,504,486,479,446,292,217,229,155,277
Costa Rica,3.16,5.13,6.42,5.46,7.48,9.46,7.74,7.59,6.81,7.7,6.53,7.47,8.05,8.15,7.81,9.64,6.26,7.59,15.7,13,10.3,12.6,25.3,86.6,74.9,92,64.6,77.8,61.5,74.1,71.3,57.5,48.4,34.7,25.6,13,−0.0578,1.01,7.83,0.888,6.43,3.54,3.23,9.61,6.1,7.61,7.33,14.6,17.3,24.9,22.1,7.67,6.07,6.92,11.4,23,20.6,20.1,19.9,11.8
Cuba,0.0322,0.0261,0.00537,−0.0223,0.0565,0.0729,0.09,0.0895,0.0773,0.153,0.209,0.28,0.396,0.565,1.63,2.08,4.78,4.66,4.94,4.89,4.6,2.76,3.53,3.69,3.57,4.16,4.1,4.75,5.89,5.41,4.89,3.46,2.31,4.07,4.35,5.84,5.23,5.95,7.26,5.36,4.05,4.89,5.55,6.82,8.84,8,7.3,8.58,11.2,10,11.8,7.77,7.62,8.82,23.1,49.3,238,64.8,66.1,44.1
Cayman Islands,,,,,,,,,,,,,,,146,130,161,108,221,47.8,91.9,58.7,32.7,21.1,18.8,3.6,96.4,102,531,51.2,118,−10.9,0,−15.8,−33.4,−17.7,−59.6,,,,,,,,,,,,,,,,,,,,,,,
Cyprus,42,35.1,27.1,19.3,9.06,11.1,2.78,2.38,1.6,6.17,9.55,9.63,11.6,12.7,33.1,47.9,85.4,143,70.7,44,76.9,63.6,44.6,26.8,24.1,52.4,49.1,57.1,60,54.2,50.1,50.8,32.7,41.3,52.6,25.1,25.9,,,,,,,,,,,,,,,,,,,,,,,
Djibouti,,,,,,,52.7,74.2,69.1,70.2,74.1,62.9,74.5,102,142,153,113,167,339,69,203,172,153,166,251,191,253,215,175,133,351,177,182,217,207,167,151,130,119,107,101,81,99.2,104,83.4,94.7,145,140,172,200,157,166,171,169,185,190,199,151,187,280
Dominica,,,,,,,,,,,,,,1.25,49.9,109,59.6,67.4,95.7,121,234,196,223,133,220,227,162,221,251,337,279,251,180,126,276,352,608,206,276,142,219,283,424,156,418,299,278,275,302,507,458,345,362,283,229,165,120,269,376,716
Dominican Republic,0.0546,0.044,6.27,13,6.26,20.4,13.1,14.2,10.2,7.87,7.81,5.27,5.16,4.01,3.28,3.94,4.6,2.78,3.65,8.11,12.2,11,16.2,9.89,23.3,25.8,10.6,17,16,18.8,12.7,10.7,10.8,0.545,7.63,13.8,10.4,7.98,13.1,22.2,7.24,13.6,18.5,9.68,11.6,10.4,8.14,15.5,18.8,14.6,20,24.7,26.2,14.6,16.4,27.2,17,11.2,8.4,12.5
Algeria,32.1,38.6,34.2,23.7,18.6,11.7,9.84,8.11,8.75,9.33,8.45,8.14,7.22,7.96,7.95,14.2,8.51,7.35,10.5,5.94,10.7,8.43,6.59,4.42,5.56,7.67,7.24,8.98,7.04,6.3,12.9,8,13.9,11.8,10.5,10.3,10.5,8.33,13.9,4.51,6.44,6.32,5.84,7.42,9.7,10.5,7.15,11.6,9.35,8.56,5.59,5.27,3.94,5.33,4.13,1.79,3.56,4.22,3.42,4.08
Ecuador,1.47,2.52,2.79,3.28,3.73,3.99,4.71,4.89,3.94,2.98,3.15,3.48,2.98,4.45,4.14,5.55,6.32,4.39,4.11,7.47,4.14,4.17,4.76,5.62,7.73,8.73,10.3,20.1,15.3,14,14.1,18.9,20.7,16.9,17.1,16.4,20.4,13.2,14.8,12.3,12.2,13.3,17.8,15.2,13.6,18.6,15.2,16.1,17.1,15.1,11.2,11.9,9.57,9.58,10.3,19.6,14.8,12.6,23.6,30.2
Egypt,6.7,4.3,6.69,7.17,7.94,4.03,3.11,1.03,0.782,0.294,4.95,3.93,3.88,24,36.5,65.2,61.7,65.4,65.4,37.2,31.9,29.2,32,31.2,36.9,36,33,33.1,28,30,108,94.2,63.7,41.5,44.1,32.5,34.5,31,29.8,24,19.9,18.5,18.3,14,20.3,13.9,11.8,14.6,21.2,12.1,7.24,5.01,21,62.4,39.1,27.3,25.8,0.343,21.1,17.3
Eritrea,,,,,,,,,,,,0.0223,,0.435,1.47,1.08,,1.33,3.01,2.46,2.7,3.14,2.45,2.38,2.31,,0.484,0.94,0.915,,1.99,,0.443,30.2,69.5,67.3,71.7,56.3,76.5,67,77.7,120,91.4,122,96.9,124,43.2,52.9,47.5,45.7,51.2,41.5,41.8,24.8,25.4,28.1,19.8,23.2,24.4,79.2
Ethiopia,0.693,0.925,1.16,1.05,0.655,0.837,0.991,1.05,1.57,1.4,1.4,1.61,1.57,2.14,3.67,4.05,4.22,3.43,4.1,5.53,6.01,6.8,5.39,8.87,9.13,17.7,15,14.4,21.6,15.7,21.1,22,22.6,20.3,19.3,15.4,13.9,9.54,10.6,10,10.4,16.2,18.9,22.5,24.7,25.3,25.9,32.3,40,44.9,39.4,38.8,35,40.7,36.5,32.1,39.4,38.8,45.2,42.9
Fiji,2.74,2.48,25.7,10.2,7.64,9.4,8.63,5.8,12.4,17.2,13.4,20,15.6,26.3,26.3,33.6,39.4,38.4,43.2,49.4,56.5,61.7,52.4,46.1,43.6,44.1,58,49.2,72.3,55.9,67.6,60.9,84.3,79.3,51.1,55.2,59.7,56.1,46.1,43.7,36.2,32.2,41.9,62.8,80.1,80.4,67.4,60.8,53.3,77.8,88.2,87.3,122,105,109,118,135,166,137,156
"Micronesia, Fed. Sts.",,,,,,,,,,,,,,,,,,,,,,,,,,,,,,,,4.66,130,598,968,684,1040,778,681,955,908,1260,1030,1050,801,988,1010,1070,880,1170,620,1260,1370,1350,1090,747,461,881,877,813
Gabon,0.0399,1.11,5.16,7.84,28.3,24.4,24.8,27.1,23.5,32.4,40.3,39.5,43.8,62.9,38.8,93.3,51.3,40.2,62.8,51.7,76.5,58,81,80.9,93.5,73.4,92.5,94.1,118,143,138,146,68.3,97.9,171,132,114,34,38.2,39.9,9.65,6.87,55.6,−8.27,29.6,36.2,21.8,36.1,42.2,49.7,65.4,41.2,39.4,48,59.1,50.7,20.7,51.5,55.2,53.7
Georgia,,,,,,,,,,,,,,,,,,,,,,,,,,,,,,,,0.0434,4.18,21.3,36.7,44.9,68.9,55.6,49.2,59.4,42.2,73.3,79.7,57.9,80,75.2,92.1,98.9,213,208,156,145,177,174,152,121,124,120,158,134
Ghana,0.443,0.434,0.793,2.47,2.69,5.97,7.83,5.57,7.47,8.37,6.77,6.33,6.34,4.31,3.73,12.4,6.03,8.67,10.6,15.6,17.3,12.7,11.9,9.01,17.2,15.2,27.3,30.2,41.3,49.9,37.9,57.8,39.2,38.9,33.1,38.2,37.3,27.6,38.3,32.4,31.2,32.6,34,47.5,66.7,52.8,55.2,50.6,55.7,65.6,68.5,71.1,69.2,49.9,41.3,63.6,46.3,43.4,35.9,30.8
Gibraltar,20.1,36.5,17.7,−0.402,20,40.6,67.2,100,32.5,49,92.7,132,143,211,222,101,97.8,147,117,216,371,248,105,115,374,992,716,500,555,15.4,19.2,88.6,109,−0.349,19.9,7.32,−8.28,12.6,7.35,0.983,,,,,,,,,,,,,,,,,,,,
Guinea,0.0458,0.712,2.82,6.34,3.78,6.32,3.72,2.03,1.52,3.29,2.47,2.26,1.12,2.57,4.48,5.43,2.28,4.88,12.6,11.6,18.2,21.4,22.7,12.8,22.6,20.6,29.9,38.1,42.6,58.9,45.9,57.8,66.6,59.5,50.6,57.2,39.9,49.8,45.7,29.5,18.6,34.4,29.6,28.6,30.8,21.2,18.6,27.1,36.1,21.8,21.7,19.4,59.5,42.9,50.5,47.1,48.3,39.1,47.9,45.5
Gambia,1.48,3.84,6.71,13.2,6.44,10.5,8.64,7.06,13.3,8.13,2.82,7.38,9.91,12.7,19.5,14.9,19.5,36.8,57.3,55.6,82.6,102,68,57.7,71.3,63.6,128,124,95.3,108,102,100,106,80,63,40.3,31,32.4,31.9,26.9,37.7,38.8,45.9,43.7,41,39.4,47.3,59.3,56,71.9,67.5,73.4,73,57.2,49.6,54.6,42.8,129,103,82.7
Guinea-Bissau,,1.3,,,,,4.26,0.762,,0.101,,0.153,,0.0134,13.3,27.1,32.3,50.6,64.3,67.8,74.3,80.8,78,75.9,63.9,64.7,77.6,122,108,120,130,113,105,90.6,164,108,163,110,83.2,44.7,67.5,49.5,47.7,113,59.3,49.6,64,89,93.8,101,84.7,77.2,50,64.1,65.1,54.7,110,62,81.9,62.7
Equatorial Guinea,,,,,,,,,,,,,,3.64,59.8,8.52,1.69,3.47,2.46,10.9,36.9,38.7,49,36.1,45.2,48.6,55.3,139,121,138,144,144,138,114,62.1,67.2,59.7,44.5,39.7,34.8,35.1,21,30.6,30.5,40.7,50.9,33.4,38.2,37.3,35.2,90.2,24.9,14,4.3,0.463,6.41,5.69,5.49,5.13,47.2
Grenada,,,,,,,,,,,,,,0.534,19.9,29.7,29.7,37,29.1,32.1,43.2,66.9,66,77.3,279,344,239,192,204,151,143,171,133,80.1,238,108,117,87.4,61.4,102,164,109,98.6,104,150,503,255,248,302,433,319,113,71.3,116,365,220,77.8,52.7,285,131
Guatemala,4.03,3.64,2.28,2.35,2.62,2.91,2.11,3,3.21,2.54,2.66,2.14,3.32,3.14,3.7,4.9,7.98,6.59,4.89,6.16,6.09,5.45,6.03,7.64,6.33,9.64,15.1,28.6,24.6,27.1,20.5,20.6,20.8,22.4,19.5,20,17.4,23.8,20.8,24.8,22.5,19.1,20.8,20.9,18.4,20.8,37.9,34.5,39.3,27.2,28.2,24.3,20.6,33,18.3,26.4,16.8,22.8,24.4,23.7
Guyana,13.2,15.9,13.7,9.88,7.95,10.7,13,16.8,22.1,26,24.1,23,17.3,11.1,16.5,13.5,29.2,15.2,33.9,38,34.2,66.5,31.3,19.5,12.6,13.9,31.5,31.2,30.3,53.1,222,172,90.1,117,89.7,89.4,117,311,100,74.2,85.2,85.8,63.5,79.6,136,136,174,105,161,149,142,140,152,133,210,41.9,90.8,66,134,145
"Hong Kong, China",1.9,1.62,0.578,1.59,0.0799,1.18,0.68,0.712,0.347,0.334,0.356,0.897,0.701,0.215,0.235,−0.256,0.593,0.452,0.503,2.42,2.15,1.84,1.51,1.64,2.55,3.75,3.34,3.47,3.93,7.14,6.69,6.27,−6.72,5.13,4.45,2.88,2.05,,,,,,,,,,,,,,,,,,,,,,,
Honduras,2.64,3.5,2.73,3.3,4.7,4.97,4.03,3.54,6.33,4.7,5.13,4.2,5.67,4.7,6.37,11.9,9.18,9.65,14.5,19.7,23.6,23.2,31.2,36.3,51.8,55.6,60.7,55.4,62.7,50.8,83,58.8,60,53.4,46.1,65.6,40.6,45.6,45.6,118,60.8,83.3,55.1,44.6,74.1,87.1,67.9,52.2,57.9,51.3,56.6,42.4,65.5,71.1,67.7,59.3,44.5,46.9,69.4,46.9
Croatia,,,,,,,,,,,,,,,,,,,,,,,,,,,,,,,,,0.00219,,23.6,11.5,29.3,8.9,8.69,10.7,14.7,26.1,30.4,28,27.8,28.6,45.6,37.8,55.9,39.2,30.6,,,,,,,,,
Haiti,2.68,3.6,1.37,0.766,0.96,1.45,1.03,0.994,1.29,0.901,1.43,1.25,1.45,1.59,2.57,8.16,10.5,12.2,13.7,13.6,16.8,16.7,19.2,19.3,18.7,21.8,27.4,31.8,20.1,27,22.1,23.8,13.7,16.2,80.9,84.6,42,35,42.9,25.7,21.5,19.8,17.4,21,31,39.9,56.9,65.6,85.5,101,290,149,124,111,103,97.8,98.9,89.3,89.6,64.5
Indonesia,0.947,1.26,1.7,1.14,0.685,0.428,0.829,2.19,3,2.94,4.05,4.96,4.09,4.81,5.1,5.12,4.8,3.64,4.45,4.97,6.35,6.39,5.79,4.65,4.11,3.58,4.16,7.03,8.92,9.92,8.78,9.71,10.2,9.83,7.76,6.36,5.29,3.93,6.15,10.2,7.78,6.8,5.96,7.89,0.437,11,5.36,3.17,4.87,3.78,5.47,1.46,0.278,0.276,−1.5,−0.11,−0.414,1.06,3.6,−2.33
India,1.62,1.34,1.44,2.04,2.49,2.57,2.45,2.66,1.74,1.67,1.49,1.77,1.06,1.31,2.02,2.58,2.74,1.52,1.69,2,3.13,2.76,2.23,2.44,2.17,2.02,2.48,2.07,2.33,2.06,1.6,3.07,2.67,1.58,2.46,1.8,1.94,1.64,1.58,1.44,1.31,1.61,1.59,0.649,0.689,1.63,1.19,1.12,1.68,2.02,2.29,2.62,1.33,1.92,2.31,2.42,2.02,2.39,1.82,1.91
Iran,1.24,5.77,2.45,1.15,0.176,0.858,0.443,1.22,0.31,0.614,0.735,0.258,0.295,−0.121,0.286,0.0464,−0.162,1.11,6.76,0.157,0.729,0.12,−0.015,0.979,0.172,0.241,0.534,1.38,1.53,1.67,1.89,3.35,1.8,2.35,2.15,3.04,2.64,3.18,2.57,2.49,1.98,1.72,1.7,1.92,2.74,1.44,1.66,1.45,1.39,1.27,1.52,1.42,2.01,1.72,1.05,1.41,1.46,1.74,2.03,2.54
Iraq,0.199,0.091,0.284,0.654,1.59,1.28,0.473,0.456,0.247,0.448,0.813,1.6,2.14,1.21,0.374,9.44,1.68,6.56,5.75,2.18,0.91,18.7,0.251,0.464,−0.13,1.28,1.78,5.31,0.391,0.64,3.62,30.9,7.5,8.9,13,16.5,16.8,10.4,5.33,3.37,4.33,5.07,4.55,89.2,177,819,324,330,348,96.3,73.2,62.3,40.8,46.5,39.8,41.7,62.5,77.4,59.9,56.3
Israel,49.8,49.1,46.4,47.8,38.8,47.9,42.3,25.7,22.1,19.2,21.2,23.5,27.1,56.8,34.8,135,182,221,244,313,230,195,213,328,302,467,451,286,279,264,294,353,403,241,229,60.5,389,,,,,,,,,,,,,,,,,,,,,,,
Jamaica,,6.11,7.52,2.03,2.31,5.62,5.74,5.41,8.8,7.17,5.6,9.43,8.76,7.84,10.6,9.99,9.57,11.9,54,53.6,51.2,62.2,72.8,75.3,71.7,71,74,67.7,77.3,108,112,67.2,49.9,42.3,48.3,45.2,24.4,29.5,8.85,−6.54,5.32,22,10.6,3.89,31.8,16,14.8,11.4,32.3,54.5,50.2,14.5,9.87,25,33.4,20.4,9.24,21.1,34.1,43.1
Jordan,94.6,94.2,80.9,78.7,68.5,58.8,60.7,38.8,30.5,30,46.5,35.5,58,105,155,238,270,202,211,634,663,507,353,320,252,209,210,206,146,99.6,267,250,107,74,84.8,118,108,98.1,83.7,86.5,108,86.3,106,243,108,123,95.7,101,112,107,131,127,143,164,302,231,286,304,253,277
Kazakhstan,,,,,,,,,,,,,,,,,,,,,,,,,,,,,,,,6.78,0.734,0.937,3.25,3.72,7.61,8.1,14,11.3,12.4,10.1,12.7,19.4,18.1,14.9,11.7,16.9,21.4,18.3,13,12.1,7.85,5.33,5.37,4.66,3.53,3.3,4.37,2.94
Kenya,2.6,7.55,5.68,6.23,6.15,7.57,5.62,3.6,5.76,5.12,5.07,5.71,5.92,7.54,8.91,9.19,11,11,16.2,22,24,26.3,27.3,21.5,21.3,21.5,21.5,26.1,37.6,46.2,49.8,37.4,34.9,35,25.2,26.4,20.9,15.3,13.7,10,16.1,14.4,11.5,15.1,18.4,20.7,25,34.3,34.3,43.6,38.8,57.4,59.8,72.6,57,51.5,44.6,49.4,48.5,61.8
Kyrgyz Republic,,,,,,,,,,,,,,,,,,,,,,,,,,,,,,,,,4.67,21,37.9,53.7,44.1,40,41.1,42.1,39.5,26.2,31.8,34.6,40.5,46.1,51.8,48.3,59.5,51.9,68.3,79.4,83.9,94.3,107,130,85.4,75,65.8,69.5
Cambodia,4.77,4.29,3.68,3.84,2.01,1.5,1.77,2.08,1.51,1.85,2.69,5.64,9.2,19.6,40.8,10.8,0.0972,0.0417,0.0388,16,40.1,16.7,5.19,5.44,2.93,1.79,1.92,2.03,2.4,2.84,4.6,9.66,20.2,29.5,28.8,47.4,35,28.7,26.6,21.1,28.4,29.6,32.2,34.5,31.1,34.1,35.3,46.5,44.1,45.3,47.6,47.6,54.6,53.8,52.6,43.7,46.2,53.5,48.2,59.7
Kiribati,0.485,6.16,7.39,9.25,6.17,9.26,13.1,29.5,25.9,27.5,42.6,48.9,79.8,111,103,103,71.2,109,177,155,321,255,248,266,185,185,202,260,230,239,266,259,341,201,186,187,163,196,214,253,201,129,230,183,161,289,271,285,273,249,231,616,617,602,737,586,541,676,648,482
St. Kitts and Nevis,,,,,,,,,,,,,,0.226,81.2,36.1,58,46.4,46.9,40.7,144,88,74.9,66.6,85.5,106,133,182,347,333,202,186,198,262,149,92.7,161,169,155,109,90.5,227,622,1.97,−1.73,55.7,110,72,972,66.1,234,319,436,597,,,,,,
South Korea,10,8.89,8.91,9.62,6.14,7.68,7.84,8.6,7.77,10.7,8.52,9.87,10.9,8.27,7.27,7.01,6.03,6.51,4.44,3.57,3.64,8.53,0.859,0.191,−0.913,−0.216,−0.426,0.256,0.221,1.22,1.22,1.26,−0.0709,−0.794,−2.56,1.26,−3.27,−3.47,−1.09,−1.18,,,,,,,,,,,,,,,,,,,,
Kosovo,,,,,,,,,,,,,,,,,,,,,,,,,,,,,,,,,,,,,,,,,,,,,,,,,,444,297,326,314,313,320,245,208,219,192,193
Kuwait,,−0.532,−7.35,−2.67,−2.08,−2.71,−2.75,−2.49,0.0158,0.479,0.47,0.639,0.693,0.431,0.395,0.323,0.175,0.442,0.768,0.903,7.49,6.53,3.89,3.27,2.71,2.43,2.71,1.75,2.92,2.26,6.14,5.79,,,,2.63,,,,,,,,,,,,,,,,,,,,,,,,
Lao,15.7,23.8,14.1,16.1,19.7,28.6,28.4,29.7,23.5,25.5,25.8,26,23.5,25.3,19.7,11.7,9.09,10.1,21.8,16.3,13.9,12.5,11.8,9.06,9.33,9.7,10.7,13.9,17.4,25.9,24.6,24.9,31.8,33.6,40.4,50.9,50.2,48.2,41.3,47.9,43.9,37.8,42.7,45.5,40.8,42,52.6,57.9,75.6,60.7,62.3,58.6,63.7,64.7,71.5,69.9,58.4,69.1,83.4,88.1
Lebanon,7.43,6.87,4.78,4.12,1.45,3.79,3.94,3.99,8.62,4.1,8.7,2.58,6.21,4.69,54.9,5.55,15.1,52.2,89.7,47.7,115,175,71.8,48,29.3,31.1,23.4,37.9,53.7,43.2,102,42.9,35.8,43.2,67,54.2,65.2,71.4,92.3,51.9,52.4,49.9,48.8,122,58.4,49.1,172,205,224,121,89.9,91.4,128,105,131,148,168,191,207,223
Liberia,8.87,23.5,67.8,28.6,12.9,28.4,29.8,19.7,12.2,12,9.2,8.87,8.76,6.79,9.34,12.5,16.1,19.3,26.8,44.8,52.4,56.4,54.4,57,61.8,42.2,44.9,36.3,30.1,28.5,54.8,77.3,59.8,61.9,31.9,60.2,79.9,32.5,28.6,34.8,23.7,13,18.2,34.7,68.1,69,78.4,324,347,136,364,190,137,126,172,245,179,134,119,121
Libya,29.6,24.5,20.7,16.3,11.2,4.55,1.11,1.07,3.51,3.56,2.02,1.51,3.05,5.06,4.47,0.586,2.53,2.21,1.74,1.11,3.77,1.4,30.9,1.45,1.24,1.35,2.69,1.49,1.3,2.26,1.88,1.65,0.705,0.604,0.814,1.18,0.749,0.778,1.07,0.891,,,,,,4.11,6.37,3.25,12.2,6.53,1.23,103,13.9,20.4,33.1,24.5,27.6,65.6,45.4,46.6
St. Lucia,,,,,,,,,,,,,,0.839,68.8,80.5,64.7,39,32.4,18.3,73.2,96.1,67.4,56.2,45.5,55.3,90.8,81.8,135,137,89.2,165,191,179,217,328,259,169,40.6,166,70.8,103,209,96.9,−134,65.4,113,116,98.2,226,236,201,152,143,109,76.8,84.6,85,47.1,176
Sri Lanka,1.12,1.11,1.26,1.02,0.818,1.35,2.63,4,4.36,4.08,3.94,4.32,4.28,4.18,5.7,10.3,11.4,12.3,20.5,20.9,25.4,23.9,25.6,28,26.9,27.1,30.9,25.8,33.8,31.7,35.6,42.1,28.8,30.4,28.3,25.8,18.9,13.7,17.3,9.75,11.8,14.1,13.1,27.4,21.1,53.2,34.8,25.5,31.8,30.1,27.6,30,24,19.6,23.7,21.2,17.6,14.7,−11.4,9.05
Lesotho,1.86,4.85,6.82,6.37,6.26,10.3,13.3,14.3,13.4,13,9.46,15.7,12.8,12.6,18.2,24.5,23.9,29.8,39.1,49.7,69.5,74.9,65.2,73.1,66.1,60.4,54.7,65.7,66.8,80.7,81.7,70.8,80.3,78.5,62.1,59.3,53.4,46.5,31,15.7,18.3,27.3,37.9,39.2,47.5,34.3,35.8,65.9,72.8,61.4,128,128,137,158,52.4,42,54,69.6,72.9,68.7
"Macao, China",10.6,7.04,,5.54,,,1.59,0.627,0.73,0.291,0.853,0.965,0.362,0.486,0.123,0.0828,,,,0.0849,18.6,0.0411,2.87,2.15,1.65,1.48,1.22,0.454,1.09,0.992,0.669,0.339,0.359,0.486,0.768,−10.4,0.813,0.897,1.22,0.765,,,,,,,,,,,,,,,,,,,,
Morocco,4.85,8.76,6.09,7.01,7.32,7.49,6.73,4.16,6.06,4.96,5.35,8.1,6.08,5.52,6.59,15.2,13.8,32.5,22.5,27.5,58.1,51,40.5,20.8,15.4,38.5,18.6,18.2,20.2,20.5,50,60.7,37.1,29.8,25.7,18.5,23.7,17,18.9,24,15.5,17,12.4,19.6,25.9,24.1,35.8,39.1,46.1,32.8,30.5,43.9,44.3,59.6,65.5,43.8,58.7,68.2,22.7,20.8
Moldova,,,,,,,,,,,,,,,,,,,,,,,,,,,,,,,,,,,,,,22.2,13.6,36.6,41.9,40.9,49.1,41,41.4,58.8,78.1,94.1,104,85.8,165,161,166,122,181,110,93.5,88.3,85.1,129
Madagascar,0.52,0.285,0.932,1.51,8.46,8.81,8.06,7.19,7.8,7.12,7.29,6.94,7.87,7.35,8.54,10.9,7.89,7.57,11,16.2,26.3,26,26,19.1,15.4,18.3,29.9,31,27,30.8,34.2,38.1,29.4,28.5,22.1,22.2,25.5,58.4,32.7,23.7,20.6,23,22.3,31.6,70.4,50,41.5,46.1,42.4,21.1,22.6,20.6,16.5,21.7,24.9,28,25,30.5,26.5,28
Maldives,0.334,2.82,5.06,3.08,2.8,1.17,18.9,3.44,2.64,1.51,2.07,7.12,5.19,4.54,4.62,23.8,21.4,25.2,54.4,41,132,77.3,31,56.3,28.3,44.9,77.5,75.3,121,125,70.1,118,131,109,111,207,102,89,92.5,111,64.9,77.9,73.2,56.2,85.5,226,104,101,154,82.3,241,131,143,52.2,51.8,52.7,47.8,93.6,255,136
Mexico,0.205,2.17,0.924,0.0738,−0.531,1.11,0.796,0.767,0.56,0.434,0.581,0.317,0.388,0.235,0.381,0.363,0.334,0.294,0.269,1.02,0.995,1.6,2.11,2.06,1.26,1.99,3.47,2.23,2.21,1.39,2.12,3.39,3.9,5.04,4.99,4.48,3.28,1.2,0.313,0.471,−0.409,0.986,1.33,1.12,1.3,1.89,2.29,1.03,1.34,1.66,3.99,8.36,3.48,4.73,6.77,2.63,6.56,6.05,4.35,4.2
Marshall Islands,,,,,,,,,,,,,,,,,,,,,,,,,,,,,,,,5.78,113,605,923,662,1380,1050,844,1170,935,1320,1060,975,916,1020,992,951,947,1090,442,1500,1480,1650,974,993,218,1250,931,1120
North Macedonia,,,,,,,,,,,,,,,,,,,,,,,,,,,,,,,,,,1.67,52.6,39.7,53,49.2,52.3,137,124,122,136,131,130,112,98.4,98.8,99.1,94.7,94.6,93.4,71.7,95.3,103,104,81.2,72.3,82,68.3
Mali,0.0152,0.458,1.78,1.31,3.13,3.88,4.43,3.01,4.82,3.96,3.71,4.94,6.15,11.3,18.2,22.2,13.2,16.4,23,27,37.6,31.5,28.3,28.9,41.5,48.3,47.6,44.7,53.3,53.9,56.7,52.1,48.6,40.7,47.2,56.4,49.8,42.5,33.5,33.3,26.3,31.2,36.2,46.4,47.3,56.7,65.8,74.8,68.6,67.5,72.5,81.7,62.3,85,73,68.9,67.1,73.5,78.6,94.8
Malta,37.8,30,27.3,53.4,61,51.9,55.3,51.7,54.7,49.5,64.6,53,49.7,91,71.3,111,99.2,102,127,165,50.3,155,77,133,34.5,54.5,20,−4.15,−8.15,−14.9,15,59.9,12.6,83.1,113,24.4,190,58.5,56.8,64.8,54.4,4.33,27.9,,,,,,,,,,,,,,,,,
Myanmar,1.64,0.963,1.26,1.81,0.901,0.705,0.676,0.505,0.596,1.07,0.845,1.46,1.55,2.41,2.23,1.79,2.08,2.87,6.6,10.2,8.61,7.45,7.87,7.72,6.52,8.2,9.63,7.98,9.97,3.67,3.74,4.17,2.7,2.41,4.08,3.65,1.11,1.36,1.59,1.76,2.26,2.66,2.5,2.6,2.54,2.96,2.96,3.95,10.7,7.08,7.01,7.45,9.81,75.9,26.5,22.2,29,28.9,31.9,38.5
Montenegro,,,,,,,,,,,,,,,,,,,,,,,,,,,,,,,,,,,,,,,,,,,,13.3,32.8,6.28,155,172,169,124,129,204,166,189,161,161,138,190,251,156
Mongolia,,,,,,,,,,,,,,,,,2.24,2.18,2.12,2.07,1.42,1.38,1.35,1.1,1.13,2.69,3.3,2.3,1.83,2.84,5.97,31.4,44.9,47.2,68.6,66.7,71.3,78.6,72.9,74.3,77.4,75.8,75.1,86.5,87.9,77.3,71.3,81.8,87.6,115,105,122,158,149,108,78.8,107,246,105,97.5
Northern Mariana Islands,501,587,768,1610,1030,1650,1590,1720,2460,3670,3710,3970,4120,4580,5130,5450,5960,6090,6670,7140,6560,7500,8030,5920,7270,5540,7170,5090,3780,3650,1370,601,159,1940,50.7,−15.3,−33,13.8,3.77,2.16,,,,,,,,,,,,,,,,,,,,
Mozambique,0.00278,0.489,0.012,0.0221,−0.00509,,0.833,2.14,0.00232,0.0034,0.00887,0.013,0.0138,0.0114,0.0697,2,6.69,7.43,9.43,12.7,14.4,11.8,16.8,16.6,20.1,23.2,32.8,52,71.8,62.9,76.8,79.9,106,81.9,80.3,68.7,55.6,57.8,61.9,47.5,51.2,52.8,118,54.3,62.5,62.9,77.9,82.4,89.5,88,82.6,85.4,83.3,90.5,80.1,67.3,55.1,63,61.8,62.8
Mauritania,0.047,1.15,2.48,1.74,12.6,9.43,21.4,11.9,19.4,10.6,6.55,12.4,11,24.6,75.8,62.5,150,126,165,114,114,141,115,107,99.8,117,126,103,94.8,127,116,104,93.2,154,119,99.5,115,98.2,66.4,86.9,85,105,131,91.3,66.3,62.4,69.5,109,138,111,107,106,111,77.2,66.3,81.4,73.8,68.1,102,91.1
Mauritius,0.804,8.08,6.13,8.08,2.92,2.91,5.7,6.61,12.1,6.65,7.28,11,12.4,15.9,28.4,31.9,18.8,24.3,46.9,33.7,34.3,59.4,48.1,40.1,33,26.1,52.5,60.4,54.9,57.4,83.4,62.9,42.1,24.4,13.3,21.2,17.9,36.6,34.8,35.6,17.5,17.8,19.8,−12,26.9,28,15.5,55.8,87.4,125,99.6,148,141,116,35.4,62.1,33.5,11.6,54.7,17.5
Malawi,1.14,2.2,3.02,4.18,8.07,8.2,7.48,6.91,10.5,6,7.82,6.53,7.29,5.81,7.91,11.7,11.1,13.8,16.7,23.3,22.6,21.3,18.3,17.1,26,15.5,25.4,33.9,43.5,46,53.2,57.2,59.7,51.2,48.3,44.2,49.1,33.5,41.2,41.2,40.2,36,32.4,43.3,41.2,45.4,55.7,57.5,67.4,54.8,69.9,53.4,76.1,71.5,57.2,62.7,72.2,86,70.5,64.8
Malaysia,1.63,2.25,2.51,1.42,1.86,2.33,3.08,2.3,2.49,2.92,2.44,3.81,4.42,3.81,5.76,8.08,5.01,5.5,6.07,9.26,9.75,10.1,9.31,11.8,21.4,14.5,11.9,21.9,5.99,7.84,25.9,15.5,10.7,4.82,3.29,5.21,−21.7,−11.1,9.12,6.44,2.1,1.24,3.69,4.47,11.9,1.14,9.21,7.57,5.74,5.04,−0.218,1.42,0.63,−3.85,0.667,−0.0198,−1.69,−0.94,−1.1,0.187
Namibia,,,,,,,,,,,,,0.023,,,,,,,,,,,0.00884,,4.4,11.8,12.8,16.6,42.2,83.5,122,93.8,98.1,86.1,117,112,97.3,104,101,84.9,60,72.9,79,91.9,58.5,75.8,110,101,159,123,129,115,117,99.5,61.5,72.2,79.3,65.1,59.5
New Caledonia,,,,,,,184,120,159,159,204,319,438,581,474,488,347,574,836,1070,1410,1050,1090,1220,861,941,1310,1760,1600,1690,1770,1770,1990,2140,2160,2330,2010,1680,1650,1500,,,,,,,,,,,,,,,,,,,,
Niger,0.0118,0.571,1.22,1.22,3.91,3.87,5.48,5.31,7.19,7.61,6.99,8.82,9.07,14.5,26.7,26.5,23.6,17.3,27.5,29.7,27.6,31,40.5,26.6,23.5,43,42.7,48.4,49.2,38.3,48.3,44.6,41.6,38.2,40.7,28.7,25.7,32.7,27.7,17.1,18.5,22,24.3,38,41.8,38.4,38.3,39.2,40.4,29.7,45,37.7,50.1,43.1,47.7,43.5,45.8,56.7,53.4,63.9
Nigeria,0.723,0.66,0.659,0.431,0.917,1.5,1.33,1.39,1.29,1.56,1.92,1.87,1.41,1.27,1.18,1.28,0.795,0.625,0.58,0.361,0.469,0.52,0.451,0.589,0.398,0.379,0.678,0.768,1.31,3.71,2.68,2.64,2.58,2.81,1.8,1.95,1.71,1.76,1.75,1.27,1.42,1.34,2.33,2.35,4.28,46.1,80.2,13.4,8.61,10.6,12.9,11.1,11.5,14.6,14.1,13.4,13.4,17.6,16.9,17.5
Nicaragua,4.69,5.13,3.95,4,4.63,4.47,5.92,5.13,5,6.94,9.3,6.05,4.31,10.5,11.2,9.69,9.15,7.94,9.36,26.1,56.2,28.5,28,26.5,28.7,27,38.3,37.1,55.2,59.3,79,187,140,71,118,122,186,73.4,103,120,99,160,79.7,139,206,121,113,131,117,115,87.8,90.9,89,81.8,70.4,73.6,68.4,88.1,54.7,59.5
Nepal,0.853,1.05,0.866,1.53,1.81,1.63,1.38,1.25,0.939,0.916,1.93,1.85,2.3,2.52,2.18,2.97,3.13,5.07,4.9,8.65,10,10.7,11.3,10.9,9.55,11.2,15.1,18.3,20.3,22.5,18.9,19.3,19.5,14.6,18.3,17.6,15,14,13.3,12.4,13,14.3,13.5,18.1,16.9,15.8,17.4,21.1,23,26.4,28.4,27.7,28.5,32.4,32.8,45.3,39,45.9,51.7,47.6
Nauru,,,,,,,,,,,,,,,,1.39,,1.35,,2.62,3.87,3.81,2.5,3.68,3.6,5.88,4.61,6.77,19.9,5.39,16.8,38.9,40.9,40.8,1060,238,304,246,201,627,387,710,1160,1620,1390,938,1780,2600,3160,2360,2780,3730,3510,2820,2190,3010,2170,2440,3510,5050
Oman,0.453,0.584,0.76,0.607,6.67,2.94,0.966,1.42,0.0736,0.0571,0.0967,2.72,12.7,27.9,201,159,184,371,58.7,223,190,206,106,52.3,74.4,51.8,66.5,27.7,3.04,14.2,37.6,6.91,20,62.6,72.4,34.1,37.1,44.6,247,23.6,35.1,3.62,33,27,41,7.58,21,80.5,27.1,50.2,−7.11,,,,,,,,,
Pakistan,5.64,5.49,8.05,10,10.3,9.8,7.19,9.04,7.09,5.79,7.24,7.13,4.96,4.47,7.22,10.9,14.6,8.36,8.63,9.3,14.9,9.94,10.4,7.68,7,7.25,8.49,6.79,11.5,11.4,8.44,10.3,7.43,7.06,9.86,4.04,5.4,5.21,6.12,4.43,3.86,12.2,13,6.81,8.47,9.21,12.6,11.9,6.18,14.4,16.3,20.3,10.8,11.5,18.5,18.9,14.5,11.4,6.54,10
Panama,11.7,8.7,9.64,15,8.55,24.9,14.6,12.1,8.99,11.2,10.4,12.5,7.96,13.6,9.39,12.7,16.5,13.2,11,10.3,12.3,12,13.7,15.1,28.7,22.1,15.6,16.4,9.59,8.26,40.4,44.3,76.5,30.7,14.3,17,20.7,19.2,11,8.2,8.89,11.3,9.46,11.4,9.47,8.54,11.4,−37,10.1,18.6,35.6,29.9,13.6,2.4,−49.5,2.58,5.6,10.2,9.36,16.8
Peru,−0.962,−1.62,0.687,0.858,1.77,4.75,3.6,3.56,2.61,2.53,3.25,2.77,2.61,5.48,4.53,4.19,4.65,5.43,7.96,11.1,10.6,11.2,8.62,13.2,13.9,15.5,13.4,14.4,13.3,14.3,18,29.5,19,24.6,14.6,15.9,13.4,16,19.2,17.6,15.6,17.2,18.4,18.6,17.3,16.7,16.4,11.3,16.6,15.4,−10.3,20.2,13.1,12.2,10.9,11,10.4,−0.0401,14.1,14.6
Philippines,1.97,0.7,1.09,0.757,2.44,2.99,1.43,2.63,1.93,2.32,1.28,1.94,4.3,5.67,3.81,4.27,4.31,4.1,5.52,5.78,6.16,7.64,6.49,8.08,7.12,8.38,15.9,12.1,13.2,12.8,18.5,15,25.2,20.9,14.8,12.3,12.1,8.64,7.94,8.68,7.09,6.94,6.8,8.73,5.49,6.81,6.77,7.12,0.736,3.68,6.2,−1.42,−0.0347,1.94,6.74,5.04,2.74,1.53,5.13,8.37
Palau,,,,,,,,,,,,,,,,,,,,,,,,,,,,,,,,,0.631,0.614,12.1k,8290,3580,2130,4840,1540,2050,1770,1600,1300,996,1200,1910,1170,2260,1910,1600,1380,877,2010,1330,789,1000,1240,4720,1390
Papua New Guinea,0.00443,0.00435,,0.00419,,33.2,33.7,37.8,41.5,43.7,53.1,50.7,66.5,65.2,85.8,97,73.4,76.1,85.9,80.9,89.1,87.1,81.2,83.7,79.4,61.9,61.2,72.7,82.8,72.3,80.2,72.9,89.6,57.2,59,69.1,71.4,62.2,64.3,37.2,47,34.5,33.4,35.8,41.3,41.3,41.2,48.3,43.9,56.7,70.3,82.5,87.8,84.4,73.2,72.9,64.3,63.1,91.8,76
North Korea,,,,,,,,,,,,,,,,,,,2.94,,,,,,,0.292,0.283,0.844,0.459,0.416,0.381,0.418,0.506,0.661,0.262,0.617,1.16,3.96,4.67,8.84,3.21,5.1,11.3,5.57,6.78,3.66,2.29,4.12,8.48,2.67,3.21,4.8,3.95,4.38,6.13,5.22,4.73,5.23,4.72,5.89
Paraguay,5.22,5.17,1.58,4.23,4.1,4.28,4.16,5.32,4.48,5.81,5.35,6.36,5.71,5.51,8,5.91,7.75,10.8,9.91,7.89,9.56,13.5,21.4,12.8,11.4,9.11,14,15.2,16.1,22.6,13.8,30.8,16.2,23.3,19.4,25.4,14.7,16.4,11.9,14.2,15.1,12.7,11.9,11.6,6.03,10.9,11.7,20.1,22.8,26.2,18,12.6,16.3,20.1,9.46,9,13.1,20.8,23.6,18.4
Palestine,,,,,,,,,,,,,,,,,,,,,,,,,,,,,,,,,,79,199,208,213,227,221,204,234,333,316,330,359,306,399,491,688,766,664,627,504,638,596,438,550,482,503,477
French Polynesia,,,,,,,139,151,176,173,179,172,232,411,297,547,573,595,628,968,1040,929,1060,1060,999,972,1360,1580,1730,1470,1300,1530,1580,1580,1720,2070,1820,1620,1600,1490,,,,,,,,,,,,,,,,,,,,
Qatar,,,,−0.324,,,0.125,0.116,,0.397,0.548,0.837,1.53,2.11,3.32,4.69,7.25,4.61,0.729,0.829,2.41,3.43,3.1,3.39,3.9,5.02,5.91,6.7,4.13,10.8,6.24,5.91,5.89,7.52,6.35,7.28,,,,,,,,,,,,,,,,,,,,,,,,
Rwanda,2.57,2.39,3.62,2.16,2.29,2.53,3.59,3.93,4.56,4.84,5.79,6.49,7.55,9.45,11,20.7,17.5,20.4,25.8,29.6,29.9,28.8,27.3,26.1,27.6,28.7,31.8,35.2,34.6,31,39.5,50.7,52.1,56.5,120,119,77.4,35.8,50.3,49.7,40.5,37,42.7,39.3,56.6,64.8,66.9,84.1,98.2,95.5,103,123,83.3,100,93.4,95.7,98.6,103,91,94.3
Saudi Arabia,1.96,−0.045,−2.35,−0.56,−0.0919,0.0723,0.0638,0.0828,0.0928,0.243,0.25,0.313,0.349,0.407,0.512,0.403,0.228,0.815,0.711,1.17,1.32,2.47,4.22,3.62,2.83,2.09,2.19,1.48,1.24,0.869,0.903,0.822,2.88,1.64,0.918,0.912,0.74,0.0711,0.839,1.1,1.06,0.618,0.77,0.614,0.875,1.05,0.992,−5.2,,,,,,,,,,,,
Sudan,3.66,1.85,1.22,1.85,2.36,3.36,4.17,1.58,3.34,0.893,0.758,0.838,5.8,3.28,17.8,24.2,20.9,23.4,28,49.6,46.3,42,48.2,59.4,36.9,65.4,52.6,48.7,49.3,38.1,42.1,41.5,24.7,19.9,17.5,9.85,8.8,5.47,8.12,9.25,8.26,6.87,10.6,21.1,32.9,59,64.7,65.5,77.6,69.6,58.6,49.3,37.8,40.7,23,24.9,20.3,21.1,23.1,37.9
Senegal,0.0405,0.0728,3.79,3.21,16,12.9,11.6,12.3,12.3,13.4,9.98,12.1,10.7,16.8,28.8,28.3,23.3,23.1,40,55.9,46.8,68.8,48.2,53.6,57.6,44.9,87,96.6,84.6,97.3,108,80.9,82.9,59.9,75.1,75.1,64.4,46.5,53.7,56,44.1,42.2,43.3,43.5,98.6,63.2,76.4,74,88.8,82.5,73.9,80.9,80.3,72.2,78.2,59.6,48.8,58.9,63,88.6
Singapore,−0.14,0.00587,0.583,0.345,0.244,1.21,1.22,3.74,2.29,7.49,13.8,14.6,13.8,11.5,9.34,5.18,4.8,5.29,2.82,2.32,5.75,8.64,7.78,5.42,14.8,8.56,10.8,8.45,7.76,32.4,−0.571,2.48,6.17,7.13,4.93,4.73,,,,,,,,,,,,,,,,,,,,,,,,
Solomon Islands,15.6,16.6,18.5,22.9,21.9,30.9,37.7,41.3,44.6,48.1,51.3,42.5,72.8,64.9,64.5,115,96.4,79.1,121,109,178,117,106,101,70,70.4,99.2,183,177,150,133,115,134,157,134,133,116,110,73.3,99.8,166,140,60.1,139,265,419,415,482,445,399,631,605,549,507,342,315,283,294,300,334
Sierra Leone,2.9,6.36,3.18,4.03,4.08,6.99,4.01,2.88,4.06,3.27,2.42,3.72,3.57,4.83,3.47,5.48,4.19,7.97,12.1,16,26.7,17.2,23.1,17.9,15.6,16.8,23.1,16.3,24.4,23.2,13.7,23.7,30.6,47.7,63.5,49.3,42.3,27.2,24.3,16.5,39.4,70.4,77.2,64.8,69.2,60.2,65.2,91.9,61.8,71.3,71.4,64.6,65.5,65.4,130,132,94.6,72.3,66.4,76.1
El Salvador,0.484,2.96,2.23,3.9,4.09,4.53,6.36,4.29,3.1,3.55,3.84,2.77,4.11,3.11,2.36,4.06,4.04,5.97,7.61,8.24,18.3,25.3,39.4,52.1,48.8,65.9,65.7,83.2,77.4,73.3,62.3,51,67,62.1,49.2,49.6,48.2,46.3,32.3,33.9,32.7,42.7,41.8,35.3,39.4,36.1,29.3,17.6,39.7,47.5,48.9,47.9,35.3,27,15.6,14.2,20.3,23.7,39.5,47.4
Somalia,7.79,8.25,8.27,10.4,7.25,9.34,16,4.46,9.63,9.73,8.02,8.8,8.54,14.5,22.3,42.6,23.6,48.9,48.9,46.5,76.4,58.7,71.7,51.5,52.5,52.7,75.2,85.6,61.6,58.8,71.3,25.6,89.6,122,72.6,25.1,11.5,10.2,9.87,13.5,11.5,16.3,16.1,17.9,19.9,23,36.8,35.5,67.2,56.5,42,88.8,77.9,80.7,82.6,91.4,83.4,121,105,121
Serbia,,,,,,,,,,,,,,,,,,,,,,,,,,,,,,,,,,,6.36,12.5,9.12,12.8,14.3,93.8,151,174,278,175,155,144,213,114,133,85.1,90.7,191,151,109,51.5,44,89.7,240,153,82.2
South Sudan,,,,,,,,,,,,,,,,,,,,,,,,,,,,,,,,,,,,,,,,,,,,,,,,,,,,44.3,117,135,186,156,147,200,144,170
Sao Tome and Principe,1.71,15.6,,,,,16,5.59,2.99,,,,,,,10.1,136,34.5,43.8,31.6,39.9,61.4,98.9,115,109,116,115,156,216,383,454,418,453,366,386,639,354,246,204,197,246,264,177,252,219,208,143,307,276,173,278,398,269,280,211,245,231,194,219,239
Suriname,30.6,34.9,29.5,44.2,36.4,50.1,10.7,11.2,50.1,48.4,68.6,73.4,95.7,81.2,133,146,289,251,182,263,228,268,281,10.5,13.9,25.8,35.7,48.9,54.3,128,151,105,190,182,138,174,242,166,126,72.7,74,49.8,25.6,22.8,50.2,85.9,125,294,193,295,191,143,74.6,56.3,24.2,28.6,29.3,35.3,24.6,40.2
Slovenia,,,,,,,,,,,,,,,,,,,,,,,,,,,,,,,,,,3.58,16,26.4,41.3,48.7,20.1,15.7,30.6,63,26.5,,,,,,,,,,,,,,,,,
Eswatini,25.2,33.3,19.4,18.2,34.9,40.7,27.6,24.2,19.4,23.4,13.9,4.64,19.1,22.2,29.5,28.9,25.7,51.6,79,85.3,81.9,57.9,41.9,49.7,42.8,34.3,45.5,58.2,49.5,37.1,65.2,62.6,64.6,61.1,63.7,62.3,35,29.5,35.7,29.3,13.1,28.8,21.7,33.4,21.4,45.3,33.6,48.6,66.7,52.7,85.6,116,83,108,78.9,83.9,133,131,107,63.9
Seychelles,26.4,23.3,11.1,14.2,20.3,32.6,19.1,44.9,48.1,24.6,75,142,156,140,147,126,122,176,263,401,340,263,281,238,232,338,435,353,300,283,512,323,275,273,176,175,252,222,309,166,291,165,692,113,129,208,162,71.5,86.1,265,601,260,394,305,131,72.6,61.3,169,,
Syria,4.02,3.43,5.12,0.538,0.904,0.609,3.65,1.01,0.879,1.79,3.44,3.3,8.02,60.5,106,110,102,128,110,238,214,196,121,89.6,62.6,57.3,66.1,69.7,16.2,10.3,70.9,41.8,14.9,19.1,53.3,24.8,14.6,13.1,10,14.3,9.74,9.17,3.68,6.8,5.97,3.87,1.05,4.24,7.63,9.6,6.14,15.9,81.8,186,223,273,510,610,590,600
Turks and Caicos Islands,,,,,,,,,,,,,,,365,476,536,480,377,305,429,858,1190,741,719,556,858,891,711,760,957,1370,1090,750,1030,342,247,239,330,387,330,309,176,88,118,185,−14.3,507,,,,,,,,,,,,
Chad,0.00999,1.07,1.77,1.75,5.1,5.52,5.64,5.77,6.21,6.66,6.13,8.16,8.07,11.6,19.6,16.3,14.6,19.2,28.4,19.2,7.75,12.9,13.6,18.1,22.5,35.1,30.6,37.3,46.6,43.4,52.1,42.6,37.2,34,31.3,33.5,40.8,30.4,22.5,23.3,15.7,21.7,25.4,26.9,34.1,38.3,27.8,34,39.5,48.3,41,37,37.2,34.7,28.7,43,42.9,43.2,56.5,44.3
Togo,0.0696,1.83,2.81,4.08,8.99,7.82,6.84,7.61,9.72,8.59,8.01,8.81,9.61,11.2,16.4,17.3,17.4,25.4,39.5,41.4,33.2,22.2,26.2,36.7,34.5,34.1,50.7,34.9,57.4,54.1,68.4,51.6,56.4,23.8,30.3,45.3,35.7,27.9,27.7,15,14.1,9.1,9.84,9.4,11.9,14.7,13.9,20.7,54.3,79.1,62.8,82.2,36.2,32.5,29.6,27.2,22.4,44.8,37.6,50.9
Thailand,1.6,1.04,1.3,1.21,1.03,1.54,1.35,1.78,1.87,1.9,2.01,1.65,1.37,1.51,1.72,2,3.87,2.95,5.63,8.37,8.78,8.37,7.79,8.34,8.83,8.59,8.53,8.51,9.62,12.3,14,12.5,12.8,9.97,9.81,14.1,13.8,10.3,11.4,16.3,11.1,4.48,4.65,−14.5,0.798,−2.52,−3.25,−4.64,−9.25,−0.464,−0.303,−1.99,−1.94,0.422,5.18,0.854,3.3,3.62,−6.04,−4.86
Tajikistan,,,,,,,,,,,,,,,,,,,,,,,,,,,,,,,,,2.15,4.64,11.7,11.3,17.6,14.5,26.6,18.4,18,25.7,24.1,20.4,34.4,33.3,29.9,27.8,32.5,40.5,51.5,36.7,50.1,48.5,43.2,51.1,41.5,37,44.3,39.3
Turkmenistan,,,,,,,,,,,,,,,,,,,,,,,,,,,,,,,,,1.69,7.75,6.46,7.3,5.51,4.78,6.24,5.68,7.87,16.4,9.57,6.19,11.5,6.11,8.55,5.91,3.67,8.12,8.61,7.89,7.15,6.69,6.31,4.12,5.69,4.89,3.5,4.27
Timor-Leste,,3.4,,,,,,0.594,,,,,,,0.016,0.397,0.717,,0.0164,0.764,0.833,0.414,0.375,0.718,,,0.447,,0.0285,,0.136,1.24,0.166,0.521,0.278,0.0237,0.0935,0.499,1.93,175,262,215,237,185,166,186,206,270,257,198,265,248,250,224,212,177,183,187,164,182
Tonga,0.162,0.314,1.06,0.725,0.836,6.73,7.95,16.7,19.5,7.12,16,8.3,13.6,15.4,34.3,36.7,46.2,71.8,95.1,246,162,185,184,183,156,136,149,218,182,240,286,179,231,297,306,334,305,266,207,198,168,210,182,224,203,326,222,312,248,355,638,855,761,797,795,679,817,855,850,1030
Trinidad and Tobago,,0.0925,0.625,12.9,13.3,17.8,9.83,5.93,4.94,6.99,5.69,4.17,3.05,2.28,3.29,4.33,3.72,2.02,3.04,3.12,3.53,−2.78,4.26,5.22,4.48,6.2,16.6,29.3,5.21,4.23,14,−1.52,4.75,1.15,16.1,18.8,12,26.6,11.5,21.3,−1.23,−4.86,−7.38,−2.45,−1.18,−1.86,9.44,15.6,7.07,5.07,3.27,,,,,,,,,
Tunisia,12.4,22.1,16.3,19.1,15.9,20,17.8,18.9,14.8,23.4,22.3,20.6,21.4,24.8,31.5,37.9,37.6,41.7,51.2,33.8,37.7,37.1,30.8,29.2,24.7,21.9,29.3,35.6,40,34.7,47.6,42.1,45,27.6,11.8,8.26,13.7,20.8,15.9,26.4,23,37.4,22,30.3,33.3,36.4,42.8,31.7,36.4,46.9,51.7,86.1,94.2,65.2,83.4,44.4,57.2,71,69.8,84.1
Turkey,5,6.69,7.96,7.54,5.36,6.12,6.4,6.09,5.25,5.05,5.04,5.7,6.35,2.21,1.31,1.49,3.14,2.26,4.18,13.6,21.7,16.2,14.1,7.56,5,3.67,6.78,7.41,5.41,2.73,24.2,29.4,6.39,7.9,3.45,5.36,4.14,0.112,0.458,0.2,5.2,2.08,4.2,2.54,4.31,5.88,8.28,11.4,15.9,19,14.5,44.8,41.7,37.5,44.6,27.3,45.2,38.8,14.4,9.89
Tuvalu,,,,,,,,,,,,,,,,8.25,465,358,406,557,643,684,784,524,674,406,516,3030,1620,788,568,556,885,441,728,800,1110,1090,556,426,429,880,1220,636,812,902,1410,1050,1530,1530,1320,3510,2370,2540,3130,4470,2180,2510,1750,3130
Tanzania,1.03,3.79,4.41,2.83,4.04,3.32,2.87,3.25,3.18,2.91,3.77,4.45,4.24,6.72,10.5,18.5,16.2,20,24.2,32.6,36.4,36.5,34.4,28.9,26.1,22.1,29.6,39,42.6,37.1,46.1,41.2,49.5,33.9,33.5,29.4,28.5,30.3,31.4,30.4,31.8,37.1,35.7,47.5,47.5,38.8,47.7,69.4,55.7,72.6,66.8,53.5,60,70.8,53.1,50.2,43.7,47.3,43.6,37.1
Uganda,3.04,3.04,3.99,2.63,2.91,2.52,2.85,2.52,2.51,3.01,3.5,3.28,4.11,2.17,1.68,4.83,1.9,1.47,3.37,3.92,9.11,10.6,9.93,10,11.5,12.3,12.7,19.1,24.2,30.8,38.2,36.9,39.1,31.8,38,40.9,32.1,37.6,29.5,26.5,36.2,34,29.1,38.6,45.6,43.2,55.6,58.9,54,56.9,52.1,47,47.5,47.5,44.3,42.9,44.5,48.9,45.5,47.4
Ukraine,,,,,,,,,,,,,,,,,,,,,,,,,,,,,,,,,,,,,,,,,,,,,,8.58,10.4,9.05,13.3,14.2,14.3,17,16.9,17.4,31,32.1,33.8,26.3,27.4,25.9
Uruguay,7.48,0.855,1.37,3.31,0.837,1.11,1.72,2.02,8.84,6.96,4.6,3.28,7.88,5.59,1.81,1.72,2.37,4.84,1.81,2.4,2.96,3.29,2.14,1.87,1.93,2.56,9.18,5.3,11.1,9.98,14.8,13.4,20.8,35.9,23.4,21.4,11.3,11.4,8.36,7.74,6.49,4.94,4.87,5.2,7.37,5.52,7.4,11.1,9.84,15.1,13.7,5.41,5.14,10.8,26.9,6.79,5.33,12.1,,
Uzbekistan,,,,,,,,,,,,,,,,,,,,,,,,,,,,,,,,,0.0704,0.364,1.26,3.67,3.78,5.91,6.57,6.43,7.51,5.99,7.26,7.51,9.4,6.46,5.65,6.24,6.57,6.17,6.94,4.9,8.59,9.76,10.6,14.4,16,19.7,16.9,34.4
St. Vincent and the Grenadines,,,,,,,,,,,,,,1.28,38.7,62.5,45.7,40.4,45,57.2,96.5,90.1,74.1,51.1,38.2,52.5,118,126,159,143,143,148,168,127,117,441,244,55.1,192,153,58.4,75.3,42.3,57.9,97.5,72.4,44.2,607,242,266,156,164,76.6,78.4,90.8,124,83.3,108,165,764
Venezuela,0.0983,1.03,9.14,4.85,−5.73,1.46,2.86,2.46,1.72,1.06,0.431,0.679,0.694,0.678,0.403,0.287,−1.12,−0.599,−1.05,0.709,1.28,1.11,1.16,1.09,1.03,0.953,1.17,1.26,1.42,3.37,4.1,1.55,1.69,2,1.28,2.05,1.61,0.324,1.73,1.84,3.23,1.83,2.29,3.23,1.8,1.85,2.13,2.68,2.17,2.11,1.87,1.7,1.73,1.27,1.44,1.22,1.45,2.95,5.16,9.96
British Virgin Islands,9.93,51.4,46.9,18.9,23.1,,46.6,1750,,,,,,,159,226,239,188,106,153,402,323,310,242,138,146,97.6,136,121,342,318,334,295,176,576,74.1,62,95.1,59,128,,,,,,,,,,,,,,,,,,,,
Vietnam,5.87,4.96,5.08,6.35,6.66,8.3,13.3,11.5,10.9,11,10,10.4,12.6,10.2,14.8,7.95,4.69,5.82,8.03,7.15,4.98,4.86,4.37,2.57,2.56,2.48,3.06,2,2.52,1.87,2.66,3.27,7.99,3.46,12.2,10.4,12,11,13.5,15.7,18.6,15.6,13.1,18.6,20,20.2,20,27.5,26.9,38.2,31.5,37.5,45.8,45,46,34.2,31,25.4,17.2,11.3
Vanuatu,2.36,4.26,6.05,7.29,9.01,7.81,28.4,25.6,28.9,38.8,37.8,54.5,67.8,79.4,167,125,300,137,172,340,380,256,211,212,187,162,178,364,271,253,319,306,250,210,247,265,179,155,166,172,192,154,141,166,189,193,231,263,415,439,463,383,409,356,381,688,464,465,447,435
Samoa,,0.268,0.777,1.42,1.7,1.81,3.21,5.81,7.93,3.63,6.43,7.29,15.8,20.1,35.2,76,65.1,113,101,169,135,138,136,145,102,110,138,206,175,168,221,259,276,290,262,226,190,163,190,142,165,233,216,187,170,241,267,215,221,367,669,474,620,593,489,484,456,697,653,628
Yemen,2.76,2.76,3.3,3.88,4.14,5.51,6.63,4.25,1.03,0.781,2.72,5.06,8,9.78,27.4,37.1,69,62.2,53.5,47,72.3,61.9,71.8,49.2,60.8,45,34.8,47.3,28.5,33.5,38.4,24.1,19.6,23,12,11.5,16.3,22.2,24,27.2,18,20.8,11.7,12.9,13.6,14.7,13.9,11.4,19.6,24.8,28.8,20.1,29.1,41.3,45.1,67.1,84.7,116,280,151
South Africa,,,,,,,,,,,,,,,,,,,,,,,,,,,,,,,,,,6.82,7.23,9.32,8.58,11.5,11.8,12.3,10.9,9.41,11,13.7,13.4,14.2,14.9,16.2,22.4,21.3,20.2,26.9,20.2,24.1,19.8,25.6,21,17.8,15.9,16.6
Zambia,0.3,0.288,1.8,1.6,6.06,3.04,7.93,16.1,7.73,5.01,3.17,4.95,4.82,9.72,11.9,17.4,12.1,20.4,33.6,48.9,54.2,38.1,50.4,33.2,35.2,46.1,63.1,57.3,62.5,46.9,59.1,106,122,100,80.6,223,65.1,63.5,35.3,61.5,76.3,53.4,73.9,68.4,97.7,98.6,121,81.8,86.8,96.2,67.6,73.7,66.2,76.7,64.8,50.2,59.1,61.7,57.7,54.7
Zimbabwe,,0.00256,,2.6,1.06,0.832,0.0865,0.0795,0.425,0.127,0.112,0.119,0.146,0.145,0.26,0.64,0.964,0.997,1.33,1.74,21.7,22.8,26.8,25.1,34.7,26.5,24.2,30.6,27.4,25.7,32,36.4,72.5,45,49.8,43.1,32.2,28.9,22.2,20.7,14.8,13.4,16.7,15.6,15.6,30.9,22.9,39,49.5,58.8,56.1,56,76.4,62,56,57.1,46.6,51,55,66.6
