country,1959,1960,1961,1962,1963,1964,1965,1966,1967,1968,1969,1970,1971,1972,1973,1974,1975,1976,1977,1978,1979,1980,1981,1982,1983,1984,1985,1986,1987,1988,1989,1990,1991,1992,1993,1994,1995,1996,1997,1998,1999,2000,2001,2002,2003,2004,2005,2006,2007,2008,2009,2010,2011,2012,2013,2014,2015,2016,2017,2018,2019
Aruba,,,,,,,,,,,,,,,,,,,,,,,,,,,1.08B,1.25B,1.49B,1.67B,1.73B,1.87B,1.98B,2.13B,2.3B,2.36B,2.39B,2.56B,2.61B,2.64B,2.84B,2.75B,2.66B,2.72B,2.93B,2.97B,3B,3.05B,3.05B,2.73B,2.63B,2.72B,2.68B,2.79B,2.8B,2.96B,3.03B,3.09B,,,
Afghanistan,,,,,,,,,,,,,,,,,,,,,,,,,,,,,,,,,,,,,,,,,,,7.23B,7.87B,7.98B,8.87B,9.35B,10.6B,11.1B,13.4B,15.4B,15.4B,17.4B,18.4B,18.9B,19.1B,19.6B,20.1B,20.3B,21.1B,20.6B
Angola,,,,,,,,,,,,,,,,,,,,,29.6B,28.3B,28.3B,29.5B,31.3B,32.4B,33.3B,34.7B,36.8B,36.8B,35.5B,35.9B,33.8B,25.7B,26B,29.9B,34B,36.5B,38.2B,39B,40.2B,41.9B,47.6B,49B,54.4B,62.6B,69.8B,79.6B,88.5B,89.2B,93.2B,96.4B,105B,110B,115B,116B,113B,113B,111B,110B,104B
Albania,,,,,,,,,,,,,,,,,,,,,4.65B,4.92B,5.06B,5.12B,5.05B,5.14B,5.43B,5.39B,5.32B,5.84B,5.28B,3.8B,3.53B,3.86B,4.19B,4.74B,5.18B,4.61B,5.02B,5.66B,6.06B,6.56B,6.86B,7.24B,7.64B,8.06B,8.53B,9.04B,9.72B,10B,10.4B,10.7B,10.8B,10.9B,11.1B,11.4B,11.8B,12.2B,12.7B,13B,12.5B
Andorra,,,,,,,,,,,859M,899M,972M,1.05B,1.11B,1.11B,1.15B,1.18B,1.2B,1.2B,1.23B,1.23B,1.24B,1.26B,1.28B,1.31B,1.36B,1.43B,1.51B,1.58B,1.64B,1.68B,1.7B,1.68B,1.72B,1.77B,1.85B,2.01B,2.08B,2.16B,2.24B,2.42B,2.53B,2.75B,2.98B,3.14B,3.29B,3.34B,3.15B,2.99B,2.93B,2.93B,2.78B,2.68B,2.75B,2.79B,2.89B,2.9B,2.95B,3.01B,2.65B
United Arab Emirates,,,,,,,,,,,,,,,,54.5B,63.5B,77.2B,75.9B,91.8B,114B,119B,111B,106B,110B,106B,90.2B,93.3B,90.8B,102B,121B,122B,126B,127B,136B,145B,154B,166B,167B,172B,190B,193B,198B,215B,236B,247B,271B,280B,289B,274B,278B,297B,311B,326B,341B,358B,369B,378B,382B,395B,371B
Argentina,151B,159B,158B,149B,164B,182B,181B,186B,195B,214B,221B,233B,237B,244B,257B,257B,252B,269B,257B,284B,288B,273B,271B,283B,287B,272B,289B,297B,294B,273B,266B,290B,313B,339B,359B,348B,368B,397B,413B,399B,396B,378B,337B,367B,400B,435B,470B,513B,533B,502B,553B,586B,580B,594B,579B,595B,582B,599B,583B,571B,515B
Armenia,,,,,,,,,,,,,,,,,,,,,,,,,,,,,,,5.84B,5.16B,3B,2.74B,2.88B,3.08B,3.26B,3.37B,3.62B,3.74B,3.96B,4.34B,4.91B,5.6B,6.19B,7.05B,7.98B,9.07B,9.7B,8.33B,8.51B,8.91B,9.56B,9.87B,10.2B,10.6B,10.6B,11.4B,12B,12.9B,11.9B
American Samoa,,,,,,,,,,,,,,,,,,,,,,,,,,,,,,,,,,,,,,,,,,,745M,752M,755M,752M,721M,735M,715M,685M,687M,687M,658M,641M,652M,673M,662M,615M,632M,629M,653M
Antigua and Barbuda,,,,,,,,,,,,,,,,,,346M,361M,391M,423M,439M,438M,462M,509M,548M,611M,651M,685M,721M,743M,759M,768M,808M,862M,825M,879M,927M,971M,1.01B,1.07B,1.02B,1.03B,1.09B,1.16B,1.23B,1.39B,1.52B,1.52B,1.34B,1.23B,1.21B,1.25B,1.24B,1.29B,1.34B,1.41B,1.45B,1.55B,1.63B,1.3B
Australia,205B,210B,213B,226B,242B,256B,262B,279B,293B,314B,336B,350B,363B,373B,388B,394B,404B,418B,422B,439B,452B,467B,483B,472B,494B,520B,541B,555B,587B,609B,631B,628B,631B,657B,683B,709B,736B,765B,800B,840B,873B,890B,926B,955B,995B,1.03TR,1.05TR,1.09TR,1.13TR,1.15TR,1.18TR,1.21TR,1.26TR,1.29TR,1.32TR,1.35TR,1.39TR,1.42TR,1.46TR,1.49TR,1.49TR
Austria,84.9B,89.6B,92B,95.8B,102B,105B,111B,115B,120B,127B,135B,142B,151B,158B,165B,164B,171B,180B,180B,189B,193B,192B,196B,202B,202B,207B,212B,215B,222B,231B,241B,249B,254B,255B,262B,269B,275B,281B,291B,301B,311B,315B,320B,323B,332B,340B,351B,364B,370B,356B,362B,373B,376B,376B,378B,382B,390B,398B,408B,414B,387B
Azerbaijan,,,,,,,,,,,,,,,,,,,,,,,,,,,,,,,20.2B,20.1B,15.6B,12B,9.61B,8.47B,8.58B,9.08B,9.99B,10.7B,11.9B,13.1B,14.3B,15.8B,17.3B,22.1B,29.7B,37.1B,41.1B,44.9B,47.2B,47.3B,48.3B,51.1B,52.5B,53.1B,51.4B,51.5B,52.3B,53.6B,51.3B
Burundi,799M,689M,751M,782M,831M,864M,904M,1.03B,1.03B,1.01B,1.23B,1.26B,1.18B,1.26B,1.25B,1.26B,1.36B,1.52B,1.5B,1.53B,1.54B,1.73B,1.71B,1.78B,1.78B,1.99B,2.05B,2.17B,2.27B,2.31B,2.39B,2.51B,2.53B,2.37B,2.28B,2.1B,1.93B,1.9B,1.99B,1.97B,1.96B,2B,2.08B,2.06B,2.16B,2.18B,2.3B,2.38B,2.49B,2.59B,2.72B,2.83B,2.95B,3.1B,3.23B,3.1B,3.09B,3.1B,3.15B,3.21B,3.22B
Belgium,107B,113B,119B,124B,132B,137B,141B,147B,153B,163B,172B,179B,189B,201B,210B,206B,217B,219B,225B,230B,240B,240B,241B,242B,248B,252B,257B,263B,275B,285B,293B,299B,303B,300B,310B,318B,322B,334B,341B,353B,366B,370B,376B,380B,394B,403B,413B,428B,430B,421B,433B,441B,444B,446B,453B,462B,468B,476B,484B,495B,467B
Benin,1.65B,1.7B,1.64B,1.72B,1.84B,1.93B,2B,2.02B,2.1B,2.16B,2.21B,2.18B,2.32B,2.4B,2.48B,2.36B,2.38B,2.5B,2.53B,2.7B,2.88B,3.17B,3.24B,3.1B,3.34B,3.59B,3.67B,3.62B,3.74B,3.63B,3.96B,4.13B,4.25B,4.5B,4.59B,4.86B,5.07B,5.36B,5.58B,5.88B,6.22B,6.55B,6.86B,7.09B,7.41B,7.53B,7.83B,8.3B,8.7B,8.91B,9.09B,9.36B,9.81B,10.5B,11.2B,11.4B,11.8B,12.4B,13.3B,14.2B,14.7B
Burkina Faso,1.17B,1.21B,1.29B,1.27B,1.3B,1.35B,1.36B,1.48B,1.52B,1.55B,1.56B,1.58B,1.61B,1.62B,1.76B,1.81B,1.96B,1.97B,2.06B,2.14B,2.15B,2.24B,2.46B,2.47B,2.42B,2.63B,2.84B,2.83B,3B,3.06B,3.04B,3.32B,3.33B,3.44B,3.49B,3.69B,4.09B,4.35B,4.67B,5.01B,5.11B,5.45B,5.68B,6.13B,6.4B,6.95B,7.39B,7.69B,8.14B,8.38B,9.09B,9.69B,10.3B,10.9B,11.4B,11.8B,12.5B,13.3B,14.2B,15B,15.3B
Bangladesh,22.2B,23.6B,24.9B,24.8B,27.5B,27.9B,28.6B,28.1B,30.8B,31.1B,32.9B,31.1B,26.7B,27.6B,30.3B,29B,30.7B,31.5B,33.7B,35.4B,35.7B,38.2B,39B,40.6B,42.5B,43.9B,45.8B,47.5B,48.6B,50B,52.8B,54.7B,57.7B,60.4B,62.7B,65.9B,68.9B,72B,75.7B,79.3B,83.5B,87.7B,91.1B,95.4B,100B,107B,114B,122B,129B,136B,144B,153B,163B,173B,183B,195B,209B,224B,242B,262B,271B
Bulgaria,,,,,,,,,,,,,,,,,,,,,30.4B,31.9B,32.6B,33.7B,34.9B,35.8B,37.3B,39.6B,43.9B,42.5B,38.6B,35.3B,32.8B,32.3B,32.9B,33.8B,35.6B,30.5B,31.7B,29B,30.4B,31.5B,33.4B,35.1B,37.4B,40.1B,42.8B,45.6B,48.4B,46.8B,47.5B,48.5B,48.9B,48.6B,49.1B,50.8B,52.3B,53.8B,55.2B,57.4B,54.9B
Bahrain,,,,,,,,,,,,,,,,,,,,,7.72B,7.31B,6.76B,7.19B,7.55B,7.19B,7.27B,8.03B,8.59B,8.62B,9.01B,10B,10.7B,12.1B,12B,12.5B,13B,13.4B,14.1B,14.7B,15.4B,15.8B,16.4B,17.4B,18.6B,19.9B,21.2B,22.9B,24.3B,25B,26B,26.6B,27.5B,29B,30.3B,31.1B,32.2B,33.5B,34.3B,35B,33.2B
Bahamas,2.2B,2.44B,2.69B,2.97B,3.29B,3.63B,3.96B,4.34B,4.7B,5.13B,4.84B,4.92B,4.74B,5.1B,4.25B,3.62B,3.81B,4.16B,4.74B,5.98B,6.37B,5.79B,6.17B,6.39B,7.3B,7.65B,7.79B,8.02B,8.21B,8.76B,8.62B,8.26B,7.94B,7.97B,8.22B,8.58B,8.94B,9.56B,9.13B,10.2B,10.7B,10.9B,11.2B,11.1B,11.2B,11.6B,11.9B,12B,11.8B,11.3B,11.4B,11.5B,11.9B,11.4B,11.7B,11.9B,11.9B,12.1B,12.4B,12.5B,10.7B
Bosnia and Herzegovina,,,,,,,,,,,,,,,,,,,,,,,,,,,,,,,,,,,2.44B,2.94B,5.56B,7.48B,8.64B,9.47B,10.7B,10.9B,11.5B,11.9B,12.7B,13.2B,13.9B,14.7B,15.5B,15B,15.2B,15.3B,15.2B,15.6B,15.7B,16.2B,16.7B,17.3B,17.9B,18.4B,17.8B
Belarus,,,,,,,,,,,,,,,,,,,,,,,,,,,,,,,29.5B,29.1B,26.3B,24.3B,21.5B,19.2B,19.8B,22B,23.9B,24.7B,26.1B,27.3B,28.7B,30.8B,34.3B,37.5B,41.2B,44.8B,49.4B,49.5B,53.3B,56.2B,57.1B,57.7B,58.7B,56.5B,55B,56.4B,58.2B,59B,58.5B
Belize,110M,115M,121M,127M,133M,140M,147M,154M,165M,174M,182M,189M,209M,220M,249M,258M,258M,275M,297M,319M,362M,366M,366M,358M,365M,369M,386M,427M,469M,530M,590M,658M,737M,784M,785M,790M,801M,830M,861M,936M,1.06B,1.11B,1.16B,1.27B,1.33B,1.35B,1.42B,1.43B,1.48B,1.48B,1.52B,1.55B,1.59B,1.61B,1.68B,1.72B,1.72B,1.75B,1.8B,1.84B,1.58B
Bermuda,1.68B,1.76B,1.84B,1.86B,2.07B,2.17B,2.48B,2.81B,2.87B,2.96B,3.15B,3.26B,3.32B,3.37B,3.4B,3.53B,3.84B,4.07B,4.13B,4.22B,4.55B,4.66B,4.41B,4.5B,4.52B,4.43B,4.73B,4.91B,5.1B,5.13B,5.13B,4.95B,4.94B,5.09B,5.12B,5.35B,5.49B,5.74B,5.96B,6.17B,6.74B,7.23B,7.12B,7.36B,7.53B,7.66B,8.08B,8.35B,8.2B,7.74B,7.54B,7.26B,6.88B,6.86B,6.6B,6.65B,6.61B,6.85B,6.82B,6.85B,6.42B
Bolivia,4.73B,4.83B,5.1B,5.44B,5.66B,5.94B,6.36B,6.76B,7.34B,7.67B,8.07B,8.48B,9.15B,9.68B,9.96B,10.7B,11.2B,11.7B,12B,12B,11.8B,11.9B,11.4B,10.9B,10.9B,10.7B,10.5B,10.7B,11B,11.4B,12B,12.6B,12.8B,13.4B,14B,14.6B,15.3B,16B,16.8B,16.9B,17.3B,17.6B,18.1B,18.6B,19.3B,20.2B,21.2B,22.1B,23.5B,24.3B,25.3B,26.6B,27.9B,29.8B,31.5B,33B,34.4B,35.9B,37.4B,38.2B,34.8B
Brazil,188B,205B,218B,219B,227B,232B,248B,258B,284B,311B,343B,382B,427B,487B,527B,554B,611B,641B,673B,718B,785B,751B,757B,735B,775B,836B,898B,930B,930B,959B,917B,927B,922B,967B,1.02TR,1.07TR,1.09TR,1.13TR,1.13TR,1.14TR,1.19TR,1.2TR,1.24TR,1.25TR,1.33TR,1.37TR,1.42TR,1.51TR,1.59TR,1.58TR,1.7TR,1.77TR,1.8TR,1.86TR,1.87TR,1.8TR,1.74TR,1.77TR,1.8TR,1.82TR,1.75TR
Barbados,,,,,,,,,,,,,,,2.85B,2.79B,2.92B,3.02B,3.17B,3.42B,3.57B,3.5B,3.33B,3.35B,3.47B,3.51B,3.69B,3.78B,3.91B,4.05B,3.92B,3.77B,3.55B,3.58B,3.65B,3.73B,3.87B,4.06B,4.21B,4.22B,4.41B,4.31B,4.34B,4.44B,4.5B,4.68B,4.95B,5.06B,5.1B,4.84B,4.73B,4.7B,4.67B,4.61B,4.6B,4.71B,4.83B,4.85B,4.83B,4.82B,3.91B
Brunei,,,,,,,,,,,,,,,6.71B,6.73B,8.09B,8.97B,9.58B,11.7B,10.9B,8.76B,9.1B,9.15B,9.2B,9.06B,8.82B,9B,9.09B,9B,9.09B,9.38B,9.83B,9.86B,10.2B,10.6B,10.9B,10.8B,10.7B,11B,11.3B,11.7B,12.1B,12.5B,12.5B,12.6B,13.1B,13.1B,12.9B,12.7B,13B,13.5B,13.6B,13.3B,13B,12.9B,12.6B,12.8B,12.8B,13.3B,13.4B
Bhutan,,,,,,,,,,,,,,,,,,,,,163M,188M,195M,215M,225M,234M,260M,336M,352M,378M,417M,416M,435M,443M,465M,498M,526M,554M,587M,634M,655M,710M,788M,849M,900M,966M,1.03B,1.22B,1.28B,1.37B,1.53B,1.65B,1.74B,1.78B,1.88B,2B,2.17B,2.27B,2.34B,2.47B,2.22B
Botswana,180M,191M,204M,216M,231M,244M,260M,275M,304M,350M,410M,516M,652M,791M,860M,933M,1.03B,1.16B,1.32B,1.48B,1.66B,1.81B,2.03B,2.3B,2.49B,2.67B,2.89B,3.23B,3.86B,4.37B,4.66B,5.01B,5.16B,5.26B,5.45B,5.83B,6.17B,6.68B,6.71B,7.36B,7.51B,7.53B,7.98B,8.35B,8.58B,8.97B,9.72B,10.5B,11.2B,10.3B,11.2B,11.9B,12.4B,13.8B,14.4B,13.6B,14.5B,15.1B,15.7B,16.2B,14.8B
Central African Republic,980M,1.03B,991M,984M,1B,1.01B,1.02B,1.07B,1.08B,1.16B,1.19B,1.2B,1.2B,1.22B,1.3B,1.31B,1.38B,1.43B,1.45B,1.41B,1.35B,1.33B,1.43B,1.31B,1.44B,1.49B,1.55B,1.47B,1.5B,1.53B,1.49B,1.48B,1.39B,1.39B,1.46B,1.57B,1.5B,1.58B,1.66B,1.72B,1.68B,1.75B,1.81B,1.72B,1.82B,1.84B,1.92B,2.01B,2.05B,2.23B,2.33B,2.43B,2.55B,1.62B,1.63B,1.7B,1.78B,1.86B,1.93B,1.98B,2B
Canada,,,,,,,,,,,,,,,,,,,,,,,,,,,,,,,,,,,,,,934B,960B,998B,1.05TR,1.06TR,1.1TR,1.14TR,1.18TR,1.24TR,1.3TR,1.38TR,1.4TR,1.36TR,1.4TR,1.44TR,1.47TR,1.5TR,1.55TR,1.56TR,1.57TR,1.62TR,1.66TR,1.7TR,1.61TR
Switzerland,,,,,,,,,,,,,,,,,,,,,378B,385B,379B,382B,393B,408B,415B,422B,436B,455B,471B,467B,467B,466B,472B,475B,477B,488B,503B,511B,532B,540B,540B,540B,555B,571B,594B,618B,635B,622B,642B,654B,662B,674B,691B,702B,717B,728B,749B,758B,740B
Chile,27.1B,28.5B,29.7B,31.4B,32.2B,32.5B,36.1B,37.5B,38.8B,40.3B,41.1B,44.9B,44.5B,42.2B,43.2B,37.7B,39.1B,43.2B,46.5B,50.4B,54.5B,58B,51.6B,49B,51B,53.1B,55.9B,59.6B,63.9B,70.3B,72.6B,78.3B,87B,92.8B,97.4B,106B,113B,122B,127B,127B,133B,138B,142B,148B,158B,167B,178B,187B,193B,190B,201B,214B,225B,234B,238B,244B,248B,251B,260B,263B,248B
China,159B,116B,109B,120B,142B,166B,184B,173B,166B,195B,232B,248B,258B,278B,284B,309B,304B,327B,364B,392B,423B,444B,484B,537B,618B,701B,764B,853B,949B,989B,1.03TR,1.12TR,1.28TR,1.46TR,1.65TR,1.83TR,2.01TR,2.2TR,2.37TR,2.55TR,2.77TR,3TR,3.28TR,3.6TR,3.97TR,4.42TR,4.98TR,5.69TR,6.24TR,6.83TR,7.55TR,8.28TR,8.93TR,9.62TR,10.3TR,11.1TR,11.8TR,12.6TR,13.5TR,14.3TR,14.6TR
Cote d'Ivoire,5.49B,6.04B,6.11B,7B,8.23B,7.97B,8.9B,9.31B,10.5B,11.5B,12.7B,13.9B,14.4B,15.3B,16B,17.3B,19.5B,20.9B,23.2B,23.8B,21.2B,21.9B,22B,21.1B,20.5B,21.5B,22.2B,22.1B,22.3B,23B,22.7B,22.8B,22.7B,22.7B,22.8B,24.5B,26.4B,28.9B,30.1B,30.5B,30.4B,29.8B,28.9B,27.6B,28.4B,28.7B,29.5B,29.9B,31.3B,32.4B,34.6B,32.8B,35.3B,39.1B,42.7B,45.8B,49.1B,52.7B,56.4B,59.9B,61B
Cameroon,4.83B,4.88B,5.03B,5.22B,5.41B,5.52B,5.77B,5.14B,5.47B,5.74B,5.91B,6.12B,6.28B,6.62B,7.33B,8.15B,7.7B,8.76B,10.7B,11.3B,11.1B,13B,14B,15B,16.1B,17.4B,18.5B,18.1B,16.7B,16.4B,15.4B,14.8B,14.4B,13.2B,13.5B,13.9B,14.5B,15.1B,15.8B,16.5B,17.2B,17.9B,18.7B,19.7B,21.1B,21.6B,22.4B,23.4B,24.1B,24.7B,25.4B,26.2B,27.5B,28.8B,30.5B,32.2B,33.7B,34.9B,36.2B,37.5B,37.7B
"Congo, Dem. Rep.",19.2B,17.1B,20.7B,21.8B,21.3B,21.5B,22.9B,22.7B,23.7B,25.9B,25.8B,27.4B,27.4B,29.7B,30.6B,29.1B,27.5B,27.7B,26.2B,26.4B,26.9B,27.6B,27.4B,27.8B,29.4B,29.5B,30.9B,31.7B,31.9B,31.5B,29.4B,26.9B,24.1B,20.9B,20B,20.2B,20B,18.9B,18.5B,17.8B,16.5B,16.2B,16.7B,17.6B,18.8B,19.9B,21B,22.3B,23.7B,24.4B,26.1B,27.9B,29.9B,32.4B,35.5B,37.9B,38.8B,40.3B,42.6B,44.5B,45.3B
"Congo, Rep.",1.25B,1.36B,1.43B,1.37B,1.42B,1.48B,1.5B,1.53B,1.64B,1.77B,1.88B,2.03B,2.2B,2.38B,2.57B,2.77B,2.79B,2.54B,2.71B,2.97B,3.5B,4.11B,5.08B,5.38B,5.75B,5.69B,5.3B,5.31B,5.4B,5.54B,5.6B,5.73B,5.88B,5.82B,5.5B,5.72B,5.97B,5.93B,6.15B,5.99B,6.45B,6.69B,7B,7.06B,7.3B,7.87B,8.49B,7.93B,8.43B,9.41B,10.3B,10.6B,11.6B,11.5B,12.3B,11.9B,10.6B,10.1B,9.65B,9.64B,8.88B
Colombia,30.6B,32.2B,33.9B,35B,37.2B,38.5B,40.5B,42.2B,44.7B,47.4B,50.4B,53.4B,57.5B,61.4B,64.9B,66.4B,69.5B,72.4B,78.5B,82.8B,86.2B,88.1B,89B,90.4B,93.4B,96.3B,102B,107B,112B,116B,120B,123B,128B,135B,143B,150B,153B,158B,159B,153B,157B,160B,164B,170B,179B,188B,200B,214B,221B,223B,233B,250B,259B,273B,285B,293B,300B,304B,311B,322B,300B
Comoros,,,,,,,,,,,,,,,,,,,,,397M,412M,438M,459M,478M,489M,498M,506M,520M,503M,529M,500M,543M,560M,530M,549M,542M,564M,571M,582M,645M,660M,676M,690M,703M,723M,742M,748M,778M,803M,833M,868M,895M,936M,955M,966M,998M,1.04B,1.07B,1.09B,1.09B
Cape Verde,,,,,,,,,,,,,,,,,,,,,172M,187M,192M,210M,218M,237M,244M,254M,270M,285M,287M,291M,323M,351M,418M,478M,532M,591M,665M,740M,845M,864M,909M,947M,1.04B,1.12B,1.21B,1.39B,1.48B,1.46B,1.48B,1.54B,1.56B,1.57B,1.58B,1.6B,1.67B,1.73B,1.81B,1.92B,1.63B
Costa Rica,4.79B,4.88B,5.15B,5.5B,5.7B,6.17B,6.6B,6.97B,7.56B,7.98B,8.58B,9.16B,9.91B,10.7B,11.3B,11.5B,12.1B,13.2B,14B,14.7B,14.9B,14.5B,13.5B,13.8B,15B,15.1B,15.9B,16.7B,17.2B,18.2B,18.8B,19.3B,21B,22.5B,23.6B,24.5B,24.9B,26.2B,28.1B,29.3B,30.4B,31.5B,32.6B,34B,35.5B,36.9B,39.6B,42.8B,44.9B,44.5B,46.9B,48.9B,51.3B,52.6B,54.5B,56.4B,58.8B,61.3B,62.9B,64.3B,61.7B
Cuba,,,,,,,,,,,23.1B,25.1B,26.3B,27.2B,27.5B,30.1B,31.7B,34.5B,36.8B,37.2B,35.4B,42.3B,46.1B,48.6B,52.4B,53.3B,53.3B,52.1B,54B,54.4B,52.7B,47.1B,41.7B,35.5B,35.7B,36.6B,39.5B,40.6B,40.6B,43.1B,45.7B,47.1B,47.8B,49.6B,52.5B,58.4B,65.4B,70.2B,73B,74.1B,75.9B,78B,80.4B,82.6B,83.4B,87.1B,87.6B,89.2B,91.2B,91B,81.1B
Cayman Islands,,,,,,,,,,,,,,,,,,,,,,,,,,,,,,,,,,,,,,,,,,,,,,,4.63B,4.78B,4.76B,4.42B,4.3B,4.35B,4.4B,4.46B,4.58B,4.71B,4.86B,5.02B,5.23B,5.43B,5.06B
Cyprus,,,,,,,,,,,,,,,,3.1B,3.73B,4.33B,4.67B,5.13B,5.43B,5.57B,5.9B,6.23B,6.78B,7.11B,7.37B,7.89B,8.57B,9.26B,9.94B,10B,11B,11B,11.7B,12.7B,12.8B,13.2B,14B,14.7B,15.5B,16.1B,16.7B,17.2B,18.1B,18.9B,19.8B,20.8B,21.6B,21.2B,21.6B,21.7B,20.9B,19.6B,19.2B,19.8B,21.1B,22.4B,23.6B,24.9B,23.6B
Czech Republic,,,,,,,,,,,,,,,,,,,,,,,,,,,,,,,120B,106B,106B,106B,109B,116B,121B,120B,120B,121B,126B,130B,132B,137B,143B,153B,163B,172B,177B,169B,173B,176B,175B,174B,178B,188B,193B,203B,209B,216B,203B
Germany,,,,,,,,,,,1.4TR,1.44TR,1.5TR,1.58TR,1.59TR,1.58TR,1.65TR,1.71TR,1.76TR,1.83TR,1.86TR,1.87TR,1.86TR,1.89TR,1.95TR,1.99TR,2.04TR,2.07TR,2.14TR,2.23TR,2.34TR,2.46TR,2.51TR,2.48TR,2.54TR,2.58TR,2.6TR,2.65TR,2.7TR,2.76TR,2.84TR,2.88TR,2.88TR,2.86TR,2.89TR,2.91TR,3.02TR,3.11TR,3.14TR,2.96TR,3.09TR,3.21TR,3.22TR,3.24TR,3.31TR,3.36TR,3.43TR,3.52TR,3.56TR,3.6TR,3.44TR
Djibouti,,,,,,,,,,,,,,,,,,,,,,,,,,,,,,,,,,,,,,,,,,,,,,,,,,,,,,2.11B,2.26B,2.43B,2.59B,2.73B,2.96B,3.19B,3.21B
Dominica,,,,,,,,,,,,,,,,,,212M,234M,191M,217M,240M,250M,257M,268M,271M,291M,309M,333M,332M,350M,355M,362M,370M,370M,381M,393M,402M,417M,419M,428M,428M,416M,442M,456M,459M,480M,511M,547M,541M,544M,543M,537M,532M,556M,541M,555M,517M,528M,568M,474M
Denmark,82.9B,88.2B,93.2B,93.8B,103B,107B,110B,116B,123B,131B,133B,137B,142B,148B,146B,144B,153B,155B,159B,165B,164B,163B,169B,174B,181B,188B,197B,198B,198B,199B,202B,205B,209B,209B,220B,227B,233B,241B,246B,253B,263B,265B,266B,267B,275B,281B,292B,295B,293B,279B,284B,288B,288B,291B,296B,303B,312B,321B,328B,335B,328B
Dominican Republic,4.53B,4.43B,5.18B,5.52B,5.89B,5.16B,5.85B,6.04B,6.06B,6.72B,7.94B,8.81B,9.72B,11B,11.6B,12.2B,13.1B,13.7B,14B,14.6B,15.8B,16.5B,16.8B,17.5B,17.8B,17.4B,18B,19.8B,20.2B,21.1B,20B,20.2B,22.4B,24.1B,24.7B,26.1B,27.7B,30.1B,32.2B,34.1B,35.7B,36.5B,38.2B,37.7B,38.6B,42.3B,46.2B,49.6B,51.2B,51.7B,56B,57.7B,59.3B,62.2B,66.6B,71.2B,75.9B,79.4B,85B,89.3B,83.3B
Algeria,24B,20.7B,16.7B,22.4B,23.7B,25.1B,23.9B,26.2B,29B,31.5B,34.3B,30.4B,38.7B,40.2B,43.2B,45.4B,49.2B,51.8B,56.5B,60.8B,61.2B,63.1B,67.1B,70.7B,74.7B,77.5B,77.8B,77.2B,76.5B,79.8B,80.5B,79.5B,80.9B,79.2B,78.5B,81.5B,84.8B,85.8B,90.2B,93B,96.6B,99.5B,105B,113B,117B,124B,126B,131B,134B,136B,141B,145B,150B,154B,160B,166B,171B,174B,175B,177B,168B
Ecuador,11.7B,12.3B,12.9B,13.2B,14.1B,14.6B,14.5B,15.2B,15.5B,16.2B,17.3B,18.4B,19.4B,22.1B,24.5B,27.2B,29.2B,29.7B,31.4B,32.6B,33.8B,35.7B,35.9B,35.8B,36.7B,38.2B,39.5B,39.4B,41.7B,42.1B,43.7B,45.6B,46.5B,47.4B,49.5B,50.6B,51.4B,53.7B,55.4B,52.8B,53.4B,55.5B,57.8B,59.4B,64.2B,67.6B,70.6B,72.2B,76.8B,77.2B,79.9B,86.2B,91.1B,95.6B,99.2B,99.3B,98.1B,100B,102B,102B,93.8B
Egypt,20.3B,21.3B,22.2B,24.5B,27.3B,28.7B,30.1B,30.4B,29.9B,31.4B,33.2B,34.6B,35.6B,36.9B,37.4B,40.8B,46.2B,50.4B,54.7B,57.2B,62.9B,67.5B,74.2B,78B,85.6B,90.6B,94.9B,98.5B,104B,109B,115B,116B,122B,125B,130B,136B,143B,151B,159B,169B,180B,186B,190B,197B,205B,214B,228B,245B,262B,274B,288B,294B,300B,307B,316B,329B,344B,358B,377B,398B,412B
Eritrea,,,,,,,,,,,,,,,,,,,,,,,,,,,,,,,,,1.15B,1.31B,1.59B,1.63B,1.79B,1.93B,1.96B,1.96B,1.9B,2.07B,2.13B,2.07B,2.1B,2.16B,2.13B,2.16B,1.95B,2.03B,2.07B,2.25B,,,,,,,,,
Spain,189B,212B,233B,255B,269B,285B,306B,319B,340B,371B,387B,405B,438B,472B,498B,501B,518B,532B,540B,540B,552B,551B,558B,568B,578B,592B,611B,645B,678B,710B,737B,756B,763B,755B,773B,795B,816B,846B,883B,923B,971B,1.01TR,1.04TR,1.07TR,1.1TR,1.14TR,1.19TR,1.23TR,1.24TR,1.2TR,1.2TR,1.19TR,1.15TR,1.14TR,1.15TR,1.2TR,1.23TR,1.27TR,1.3TR,1.32TR,1.18TR
Estonia,,,,,,,,,,,,,,,,,,,,,,,,,,,,,,,,,,,,10.3B,10.8B,12.2B,12.7B,12.6B,13.9B,14.7B,15.7B,16.9B,18.1B,19.8B,21.8B,23.4B,22.2B,19B,19.4B,20.8B,21.5B,21.8B,22.5B,22.9B,23.6B,25B,26B,27.1B,26.3B
Ethiopia,,,,,,,,,,,,,,,,,,,,,,10.9B,11B,11.9B,11.6B,10.3B,11.3B,12.9B,12.9B,12.9B,13.2B,12.3B,11.2B,12.7B,13.1B,13.9B,15.6B,16.1B,15.6B,16.4B,17.4B,18.8B,19.1B,18.7B,21.2B,23.7B,26.3B,29.3B,32.4B,35.3B,39.7B,44.2B,48B,53.1B,58.5B,64.6B,70.7B,77.4B,82.7B,89.6B,95.1B
Finland,50.6B,54.5B,56.1B,57.9B,61B,64.2B,65.7B,67.1B,68.7B,75.3B,78.9B,80.8B,87B,93.1B,96.1B,97.8B,98.2B,98.4B,101B,108B,114B,116B,119B,123B,127B,132B,135B,140B,147B,155B,156B,147B,142B,141B,147B,153B,158B,168B,178B,185B,196B,201B,205B,209B,217B,223B,232B,244B,246B,226B,234B,240B,236B,234B,233B,235B,241B,249B,252B,255B,248B
Fiji,864M,895M,927M,986M,1.03B,1.01B,1.01B,1.14B,1.23B,1.26B,1.42B,1.52B,1.64B,1.83B,1.87B,1.88B,1.93B,2.05B,2.09B,2.34B,2.3B,2.45B,2.3B,2.21B,2.4B,2.29B,2.46B,2.3B,2.32B,2.5B,2.64B,2.57B,2.73B,2.78B,2.93B,3B,3.14B,3.07B,3.11B,3.39B,3.33B,3.4B,3.51B,3.54B,3.73B,3.75B,3.82B,3.79B,3.83B,3.78B,3.89B,3.99B,4.05B,4.24B,4.48B,4.68B,4.8B,5.05B,5.25B,5.22B,4.4B
France,521B,547B,584B,621B,662B,694B,731B,767B,801B,858B,911B,959B,1TR,1.07TR,1.11TR,1.1TR,1.15TR,1.19TR,1.24TR,1.28TR,1.3TR,1.31TR,1.35TR,1.36TR,1.38TR,1.41TR,1.44TR,1.48TR,1.55TR,1.61TR,1.66TR,1.68TR,1.71TR,1.69TR,1.73TR,1.77TR,1.8TR,1.84TR,1.9TR,1.97TR,2.05TR,2.09TR,2.11TR,2.13TR,2.19TR,2.22TR,2.28TR,2.33TR,2.34TR,2.27TR,2.32TR,2.37TR,2.38TR,2.39TR,2.41TR,2.44TR,2.47TR,2.52TR,2.57TR,2.62TR,2.41TR
Faeroe Islands,,,,,,,,,,,,,,,,,,,,,,,,,,,,,,,,,,,,,,,,,,,,,,,,,,,,,,,,2.52B,,,,,
"Micronesia, Fed. Sts.",,,,,,,,,,,,,,,,,,,,,,,,,,,218M,221M,226M,234M,243M,261M,272M,294M,292M,313M,303M,284M,293M,297M,311M,318M,319M,324M,314M,321M,321M,315M,307M,310M,317M,328M,321M,310M,303M,316M,319M,328M,329M,332M,327M
Gabon,1.7B,1.95B,2.09B,2.22B,2.32B,2.51B,2.63B,2.74B,2.8B,3.03B,3.29B,3.63B,4.04B,4.45B,6.21B,7.41B,10B,8.78B,6.67B,6.7B,6.87B,7.22B,7B,7.39B,7.95B,7.76B,7.7B,6.38B,7.2B,7.81B,8.22B,8.72B,8.45B,8.78B,9.11B,9.56B,9.91B,10.5B,10.8B,9.88B,9.69B,9.9B,9.87B,10.1B,10.2B,10.4B,10.1B,10.8B,10.4B,10.4B,11.1B,11.9B,12.6B,13.3B,13.8B,14.4B,14.7B,14.8B,14.9B,15.5B,15.2B
Isle of Man,,,,,,,,,,,,,,,,,,,,,,,,,1.18B,1.19B,1.41B,1.55B,1.74B,1.86B,1.93B,1.96B,1.98B,2.03B,2.11B,2.2B,2.37B,2.58B,2.92B,3.33B,3.5B,3.69B,3.92B,4.15B,4.37B,4.63B,4.98B,5.36B,5.62B,5.74B,5.93B,6.05B,6.5B,6.76B,7.11B,7.09B,7.58B,7.93B,8.11B,8.13B,
United Kingdom,782B,802B,811B,851B,898B,917B,932B,958B,1.01TR,1.03TR,1.09TR,1.13TR,1.18TR,1.26TR,1.23TR,1.21TR,1.24TR,1.27TR,1.33TR,1.38TR,1.35TR,1.34TR,1.37TR,1.42TR,1.46TR,1.52TR,1.56TR,1.65TR,1.74TR,1.79TR,1.8TR,1.78TR,1.79TR,1.83TR,1.9TR,1.95TR,2TR,2.1TR,2.16TR,2.23TR,2.31TR,2.36TR,2.41TR,2.48TR,2.54TR,2.61TR,2.67TR,2.73TR,2.73TR,2.61TR,2.67TR,2.71TR,2.75TR,2.8TR,2.88TR,2.96TR,3.02TR,3.09TR,3.14TR,3.19TR,2.89TR
Georgia,,,,,,7.04B,7.57B,8.05B,8.41B,8.81B,9.87B,10.1B,10.4B,11.1B,12.1B,12.9B,13.7B,14.7B,15.8B,16.9B,17.7B,18.6B,19B,19.8B,20.9B,21.9B,20.1B,20.4B,21.5B,20B,17B,13.4B,7.4B,5.23B,4.69B,4.81B,5.35B,5.91B,6.1B,6.27B,6.39B,6.69B,7.06B,7.84B,8.3B,9.09B,9.95B,11.2B,11.5B,11.1B,11.7B,12.6B,13.4B,13.9B,14.5B,15B,15.4B,16.1B,16.9B,17.8B,16.6B
Ghana,7.66B,7.92B,8.25B,8.61B,8.8B,8.92B,8.54B,8.8B,8.84B,9.37B,10.3B,10.8B,10.5B,10.8B,11.6B,10.2B,9.79B,10B,10.9B,10.6B,10.6B,10.3B,9.56B,9.12B,9.91B,10.4B,11B,11.5B,12.1B,12.7B,13.2B,13.9B,14.4B,15.1B,15.6B,16.2B,17B,17.7B,18.5B,19.3B,20.1B,20.9B,21.8B,22.9B,24.2B,25.7B,27.3B,28.5B,31.1B,32.6B,35.2B,40.1B,43.8B,47B,48.4B,49.4B,51.1B,55.2B,58.6B,62.5B,62.7B
Guinea,,,,,,,,,,,,,,,,,,,,,,,,,,,2.96B,3.06B,3.25B,3.38B,3.53B,3.62B,3.74B,3.93B,4.08B,4.27B,4.46B,4.69B,4.86B,5.05B,5.18B,5.37B,5.64B,5.71B,5.85B,6.02B,6.09B,6.51B,6.78B,6.7B,7.03B,7.42B,7.86B,8.17B,8.47B,8.79B,9.75B,10.7B,11.4B,12.1B,12.9B
Gambia,,,,,,,254M,254M,278M,285M,302M,302M,303M,331M,350M,393M,422M,437M,464M,458M,487M,503M,499M,554M,573M,569M,592M,606M,634M,671M,695M,716M,741M,763M,764M,771M,788M,826M,855M,910M,960M,1.02B,983M,1.05B,1.12B,1.1B,1.09B,1.13B,1.2B,1.28B,1.35B,1.24B,1.31B,1.34B,1.32B,1.38B,1.4B,1.47B,1.58B,1.68B,1.67B
Guinea-Bissau,,,,,,,,,,,364M,350M,373M,377M,394M,425M,446M,414M,468M,477M,401M,474M,494M,477M,521M,542M,538M,554M,579M,615M,652M,685M,693M,707M,730M,762M,851M,906M,651M,658M,694M,709M,702M,706M,725M,756M,774M,799M,825M,852M,892M,964M,947M,978M,988M,1.05B,1.11B,1.18B,1.19B,1.25B,1.22B
Equatorial Guinea,,,,,,,,,,,,,,,,,,,,,132M,140M,143M,150M,151M,171M,167M,174M,179M,177M,174M,172M,232M,257M,300M,353M,587M,1.47B,1.82B,2.28B,2.7B,4.41B,5.27B,6.01B,8.29B,9.67B,10.4B,12B,14.2B,14.3B,13.1B,13.9B,15.1B,14.4B,14.5B,13.2B,12B,11.3B,10.6B,10B,9.51B
Greece,41.9B,47.4B,47.6B,53.3B,58.3B,64.5B,68.7B,72.6B,77.9B,86.9B,94.3B,102B,112B,121B,113B,121B,129B,133B,142B,147B,148B,146B,144B,142B,145B,149B,150B,146B,153B,158B,158B,163B,164B,162B,165B,168B,173B,181B,188B,194B,201B,210B,218B,231B,242B,244B,258B,266B,265B,254B,240B,215B,200B,195B,196B,196B,195B,197B,200B,204B,185B
Grenada,,,,,,,,,,,,,,,,,,295M,311M,328M,326M,331M,345M,358M,370M,392M,421M,459M,473M,490M,510M,517M,513M,503M,511M,522M,545M,573M,640M,684M,717M,703M,727M,796M,791M,896M,860M,913M,921M,860M,856M,862M,853M,873M,937M,997M,1.03B,1.08B,1.13B,1.13B,979M
Greenland,,,,,,,,,,,713M,807M,856M,915M,967M,973M,1.03B,1.12B,1.19B,1.25B,1.36B,1.36B,1.3B,1.35B,1.28B,1.33B,1.42B,1.5B,1.58B,1.69B,1.49B,1.49B,1.41B,1.34B,1.42B,1.47B,1.5B,1.52B,1.64B,1.66B,1.78B,1.8B,1.78B,1.86B,1.99B,2.09B,2.2B,2.26B,2.4B,2.42B,2.46B,2.45B,2.48B,2.45B,2.56B,2.5B,2.62B,2.62B,2.67B,2.71B,
Guatemala,7.66B,7.99B,8.27B,9.06B,9.48B,9.89B,10.4B,10.9B,11.8B,12.4B,13.1B,13.8B,14.8B,15.8B,16.8B,17.2B,18.4B,19.9B,20.9B,21.9B,22.7B,22.8B,22B,21.5B,21.6B,21.4B,21.5B,22.2B,23.1B,24B,24.7B,25.6B,26.9B,27.9B,29.1B,30.5B,31.4B,32.8B,34.4B,35.7B,37B,37.9B,39.4B,40.4B,41.6B,43B,45.3B,48.2B,49.7B,50B,51.4B,53.6B,55.2B,57.2B,59.7B,62.2B,63.9B,65.8B,68B,70.6B,69.6B
Guam,,,,,,,,,,,,,,,,,,,,,,,,,,,,,,,,,,,,,,,,,,,4.8B,4.84B,5.16B,5.35B,5.15B,5.19B,5.29B,5.32B,5.44B,5.44B,5.56B,5.65B,5.75B,5.8B,5.81B,5.86B,5.82B,5.97B,5.26B
Guyana,1.56B,1.63B,1.65B,1.44B,1.61B,1.78B,1.87B,1.95B,1.97B,2.11B,2.2B,2.27B,2.19B,2.22B,2.39B,2.59B,2.63B,2.56B,2.52B,2.47B,2.51B,2.55B,2.22B,2.07B,1.96B,2.01B,1.99B,2.01B,1.93B,1.84B,1.78B,1.89B,2.04B,2.2B,2.39B,2.51B,2.71B,2.88B,2.83B,2.92B,2.88B,2.94B,2.97B,2.96B,3B,2.94B,3.09B,3.32B,3.37B,3.5B,3.63B,3.83B,4.03B,4.18B,4.25B,4.28B,4.44B,4.61B,4.81B,5.07B,7.28B
"Hong Kong, China",,12.5B,14.3B,16.6B,18B,20.7B,21B,21.4B,22.1B,24.6B,26.9B,28.8B,31.9B,35.8B,36.6B,36.8B,42.8B,47.8B,51.7B,57.7B,63.6B,69.4B,71.5B,75.8B,83.3B,84B,93.2B,106B,115B,117B,122B,129B,137B,145B,154B,158B,164B,173B,163B,167B,180B,181B,184B,189B,206B,221B,236B,252B,257B,251B,268B,280B,285B,294B,302B,309B,316B,328B,337B,332B,312B
Honduras,2.47B,2.52B,2.66B,2.76B,2.91B,3.17B,3.34B,3.54B,3.77B,3.8B,3.94B,4.09B,4.33B,4.67B,4.61B,4.71B,5.2B,5.74B,6.09B,6.43B,6.47B,6.39B,6.26B,6.31B,6.71B,7.09B,7.47B,7.96B,8.1B,8.32B,8.56B,8.27B,8.77B,9.34B,9.36B,9.94B,10.1B,10.6B,11B,10.9B,11.7B,12B,12.5B,13B,13.8B,14.7B,15.6B,16.6B,17.3B,16.9B,17.5B,18.2B,18.9B,19.5B,20.1B,20.8B,21.6B,22.7B,23.6B,24.2B,22B
Croatia,,,,,,,,,,,,,,,,,,,,,,,,,,,,,,,,,,,,33.6B,35.6B,37.7B,38.6B,38.2B,39.3B,40.5B,42.9B,45.2B,47.1B,49.1B,51.6B,54.1B,55.1B,51.1B,50.5B,50.4B,49.3B,49.1B,48.9B,50.2B,51.9B,53.7B,55.3B,57.2B,52.6B
Haiti,6.69B,6.49B,7B,6.87B,6.76B,6.9B,6.86B,6.72B,6.93B,7.2B,7.24B,7.71B,7.79B,8.16B,8.63B,8.73B,9.46B,9.81B,10.4B,11.2B,12B,11.7B,11.3B,11.4B,11.4B,11.5B,11.4B,11.3B,11.4B,11B,11.1B,11.4B,10.7B,10.2B,8.95B,9.84B,10.2B,10.5B,10.8B,11B,11.1B,11.1B,11.2B,11.6B,11.5B,11.8B,12B,12.6B,12.9B,13.7B,12.9B,13.6B,13.6B,14.2B,14.5B,14.8B,15.1B,15.5B,15.7B,15.5B,15B
Hungary,,,,,,,,,,,,,,,,,,,,,,,,,,,,,,,,78.8B,76.3B,75.9B,78.1B,79.3B,79.4B,81.9B,85.1B,87.7B,91.6B,95.3B,99.8B,104B,109B,114B,118B,119B,120B,112B,113B,115B,114B,116B,121B,125B,128B,133B,141B,147B,140B
Indonesia,52.8B,55.8B,56.8B,55.6B,57.5B,58.1B,59.8B,60.6B,67.2B,71.8B,77.2B,82.6B,88.5B,95.6B,103B,108B,115B,126B,134B,144B,158B,171B,175B,182B,195B,199B,211B,221B,234B,252B,270B,289B,307B,327B,352B,381B,411B,430B,374B,376B,395B,409B,428B,448B,471B,498B,525B,558B,592B,619B,658B,698B,741B,782B,821B,861B,904B,950B,999B,1.05TR,1.03TR
India,136B,141B,146B,154B,166B,161B,161B,174B,180B,192B,202B,205B,204B,210B,213B,232B,236B,253B,268B,254B,271B,287B,297B,319B,331B,348B,365B,380B,416B,441B,465B,470B,496B,519B,554B,596B,641B,667B,708B,771B,801B,839B,871B,940B,1.01TR,1.09TR,1.18TR,1.27TR,1.31TR,1.42TR,1.54TR,1.62TR,1.7TR,1.81TR,1.95TR,2.1TR,2.28TR,2.43TR,2.59TR,2.7TR,2.5TR
Ireland,,,,,,,,,,,35.5B,36.8B,39.2B,41B,42.8B,45.2B,45.8B,49.6B,53.1B,54.8B,56.4B,58.3B,59.7B,59.5B,62.1B,64B,63.7B,66.7B,70.2B,74.3B,80.6B,82.1B,84.9B,87.1B,92.2B,101B,108B,120B,131B,145B,158B,167B,177B,182B,194B,205B,216B,227B,217B,206B,209B,212B,212B,214B,233B,292B,298B,324B,353B,371B,393B
Iran,52.4B,58.4B,63.4B,68B,74.3B,87.1B,96.9B,108B,124B,144B,160B,184B,210B,228B,243B,237B,278B,267B,230B,206B,150B,142B,180B,196B,178B,182B,164B,165B,156B,165B,188B,211B,217B,219B,216B,221B,233B,234B,239B,241B,255B,257B,276B,300B,313B,323B,339B,367B,368B,372B,393B,404B,374B,373B,390B,385B,437B,453B,426B,397B,410B
Iraq,,,,,,,,,11.7B,12.1B,12.7B,13.3B,13.8B,14.4B,16.8B,18.9B,22.1B,22.5B,26.4B,31.9B,39.7B,39.5B,40.8B,35.5B,35B,35.5B,37.1B,40.6B,40.6B,39.3B,62B,22.3B,29.6B,38.5B,40B,40.8B,45.3B,55B,74.1B,87.2B,102B,104B,95.2B,60.3B,92.5B,94B,99.4B,101B,110B,113B,121B,130B,148B,159B,159B,167B,190B,186B,191B,203B,171B
Iceland,,,,,,,,,,,,,,,,,,,,,,,,,,,,,,,,,,,,9.14B,9.56B,10.1B,10.9B,11.3B,11.9B,12.3B,12.4B,12.7B,13.7B,14.5B,15.4B,16.7B,17.1B,15.8B,15.3B,15.6B,15.8B,16.5B,16.8B,17.5B,18.6B,19.4B,20.4B,20.8B,19.5B
Israel,,,,,,,,,,,,,,,,,,,,,,,,,,,,,,,,,,,,140B,148B,154B,160B,166B,181B,181B,181B,183B,192B,200B,211B,224B,232B,234B,248B,262B,269B,282B,293B,300B,313B,327B,340B,353B,345B
Italy,486B,526B,559B,590B,607B,627B,664B,712B,758B,805B,847B,862B,894B,958B,1.01TR,989B,1.06TR,1.09TR,1.12TR,1.19TR,1.23TR,1.24TR,1.25TR,1.26TR,1.3TR,1.34TR,1.38TR,1.42TR,1.48TR,1.53TR,1.56TR,1.58TR,1.6TR,1.58TR,1.62TR,1.66TR,1.68TR,1.72TR,1.75TR,1.77TR,1.84TR,1.88TR,1.88TR,1.89TR,1.91TR,1.93TR,1.96TR,1.99TR,1.97TR,1.87TR,1.9TR,1.91TR,1.86TR,1.82TR,1.82TR,1.84TR,1.86TR,1.89TR,1.91TR,1.92TR,1.75TR
Jamaica,,,,,,,7.02B,7.15B,7.56B,7.98B,8.95B,9.17B,10.8B,10.2B,9.79B,9.77B,9.11B,8.88B,8.87B,8.78B,8.28B,8.49B,8.67B,8.84B,8.7B,8.44B,8.6B,9.28B,9.65B,10.3B,10.8B,11.3B,11.5B,12.6B,12.8B,13.1B,13.1B,12.9B,12.6B,12.7B,12.9B,13B,13.3B,13.8B,14B,14.1B,14.5B,14.7B,14.6B,13.9B,13.7B,14B,13.9B,14B,14.1B,14.2B,14.4B,14.5B,14.8B,14.9B,13.4B
Jordan,,,,,,,,,,,,,,,,,5.73B,6.21B,7.12B,8.6B,9.56B,11.2B,12B,11.7B,12.2B,11.9B,12.5B,12.8B,13B,11.6B,11.6B,11.8B,13.5B,14.1B,14.8B,15.7B,16B,16.6B,17.1B,17.6B,18.4B,19.3B,20.5B,21.3B,23.1B,25B,27.1B,29.3B,31.4B,33B,33.7B,34.6B,35.5B,36.4B,37.6B,38.6B,39.4B,40.2B,41B,41.8B,41.1B
Japan,584B,654B,712B,772B,863B,913B,1.01TR,1.12TR,1.27TR,1.42TR,1.46TR,1.53TR,1.66TR,1.79TR,1.77TR,1.82TR,1.9TR,1.98TR,2.08TR,2.2TR,2.26TR,2.35TR,2.43TR,2.52TR,2.63TR,2.77TR,2.86TR,3TR,3.2TR,3.36TR,3.52TR,3.64TR,3.67TR,3.65TR,3.69TR,3.79TR,3.9TR,3.94TR,3.89TR,3.88TR,3.99TR,4TR,4TR,4.07TR,4.15TR,4.23TR,4.29TR,4.35TR,4.3TR,4.05TR,4.22TR,4.22TR,4.28TR,4.36TR,4.38TR,4.44TR,4.48TR,4.55TR,4.58TR,4.59TR,4.38TR
Kazakhstan,,,,,,,,,,,,,,,,,,,,,,,,,,,,,,,95.3B,84.8B,80.3B,73B,63.8B,58.5B,58.8B,59.8B,58.7B,60.3B,66.2B,75.1B,82.5B,90.1B,98.8B,108B,120B,131B,135B,137B,147B,157B,165B,175B,182B,184B,186B,194B,202B,211B,206B
Kenya,6.1B,5.63B,6.16B,6.7B,7.03B,7.17B,8.23B,8.51B,9.19B,9.92B,9.46B,11.6B,13.5B,14.3B,14.9B,15B,15.4B,16.8B,18B,19.3B,20.4B,21.2B,21.5B,21.8B,22.2B,23.1B,24.8B,26.3B,27.9B,29.2B,30.4B,30.9B,30.6B,30.7B,31.5B,32.9B,34.3B,34.5B,35.6B,36.4B,36.6B,38B,38.2B,39.3B,41.4B,43.8B,46.6B,49.8B,49.9B,51.6B,55.7B,58.6B,61.3B,63.6B,66.8B,70.1B,73.1B,75.9B,80.1B,84.1B,83.9B
Kyrgyz Republic,,,,,,,,,,,,,,,,,,,,,,,,,,,4.16B,4.3B,4.86B,5B,5.28B,4.86B,4.19B,3.54B,2.83B,2.68B,2.87B,3.15B,3.22B,3.34B,3.52B,3.71B,3.71B,3.97B,4.24B,4.24B,4.37B,4.74B,5.14B,5.29B,5.26B,5.58B,5.57B,6.18B,6.43B,6.68B,6.97B,7.3B,7.57B,7.92B,7.24B
Cambodia,,,,,,,,,,,,,,,,,,,,,,,,,,,,,,,,,,5.78B,3.76B,4.14B,4.38B,4.56B,4.77B,5.38B,5.91B,6.4B,6.82B,7.4B,8.16B,9.24B,10.2B,11.3B,12B,12B,12.8B,13.7B,14.7B,15.7B,16.9B,18B,19.3B,20.7B,22.2B,23.8B,23B
Kiribati,,,,,,,,,,,110M,108M,121M,146M,212M,224M,164M,156M,158M,140M,117M,113M,120M,120M,125M,117M,116M,105M,115M,111M,110M,110M,111M,112M,114M,114M,116M,118M,125M,123M,131M,129M,134M,137M,135M,141M,141M,144M,141M,142M,141M,143M,150M,156M,155M,171M,180M,182M,188M,196M,192M
St. Kitts and Nevis,,,,,,,,,,,,,,,,,,204M,212M,228M,247M,251M,252M,255M,278M,302M,334M,356M,389M,410M,430M,422M,440M,470M,495M,522M,552M,590M,587M,606M,667M,702M,712M,684M,711M,780M,805M,810M,859M,824M,819M,834M,816M,860M,914M,923M,1.05B,1.06B,1.08B,1.14B,973M
South Korea,25.7B,27.5B,28.6B,31.1B,34.1B,36.6B,41B,44.7B,50.6B,57.9B,63.7B,70.5B,75.5B,86.8B,95.1B,103B,116B,130B,145B,157B,155B,166B,180B,204B,225B,243B,270B,305B,341B,365B,401B,445B,472B,505B,552B,605B,652B,693B,657B,732B,799B,838B,902B,931B,979B,1.02TR,1.07TR,1.14TR,1.17TR,1.18TR,1.26TR,1.31TR,1.34TR,1.38TR,1.43TR,1.47TR,1.51TR,1.56TR,1.6TR,1.64TR,1.62TR
Kosovo,,,,,,,,,,,,,,,,,,,,,,,,,,,,,,,,,,,,,,,,,,,,,,,,,4.58B,4.81B,5.05B,5.37B,5.46B,5.75B,5.94B,6.3B,6.65B,6.97B,7.2B,7.55B,7.14B
Kuwait,,,,,,,,,,,,,,,,,,,,,,,,,,,,,,,,,36.6B,49B,53.2B,55.7B,56.1B,57.5B,59.6B,58.5B,61.3B,61.4B,63.2B,74.2B,81.8B,90.5B,97.3B,103B,106B,98.2B,95.8B,105B,112B,113B,114B,115B,118B,112B,114B,114B,104B
Lao,,,,,,,,,,,,,,,,,,,,,,,,,2.11B,2.22B,2.32B,2.29B,2.25B,2.56B,2.74B,2.85B,3.01B,3.19B,3.45B,3.69B,3.95B,4.22B,4.39B,4.71B,4.98B,5.27B,5.58B,5.92B,6.29B,6.74B,7.32B,7.88B,8.5B,9.13B,9.91B,10.7B,11.6B,12.5B,13.4B,14.4B,15.4B,16.5B,17.5B,18.5B,18.6B
Lebanon,,,,,,,,,,,,,,,,,,,,,,,,,,,,,13.6B,7.84B,9.92B,14.8B,17.3B,19.1B,20.7B,22B,24.5B,24.7B,25.6B,25.5B,25.9B,26.8B,27.8B,28.7B,30.6B,31.4B,31.9B,34.9B,38B,41.9B,45.2B,45.6B,46.8B,48.6B,49.8B,50.1B,50.9B,51.3B,50.4B,46.8B,36.7B
Liberia,,,,,,,,,,,,,,,,,,,,,,,,,,,,,,,,,,,,,,,,,2.21B,2.27B,2.36B,1.65B,1.69B,1.78B,1.92B,2.11B,2.26B,2.38B,2.52B,2.73B,2.95B,3.21B,3.23B,3.23B,3.18B,3.25B,3.29B,3.21B,3.12B
Libya,,,,,,,,,,,,,,,,,,,,,,,,,,,,,,,,,,,,,,,,34.1B,35.3B,34.7B,34.4B,38.8B,40.6B,45.4B,48.3B,51.4B,52.8B,52.3B,55B,20.8B,46.5B,40.2B,30.5B,27.8B,27.1B,34.3B,39.5B,40.5B,27.8B
St. Lucia,,,,,,,,,,,,,,,,,,484M,534M,554M,542M,576M,588M,617M,662M,717M,820M,852M,971M,1.06B,1.16B,1.17B,1.26B,1.27B,1.29B,1.31B,1.35B,1.34B,1.42B,1.46B,1.46B,1.41B,1.42B,1.48B,1.59B,1.58B,1.68B,1.71B,1.79B,1.74B,1.77B,1.86B,1.86B,1.8B,1.83B,1.81B,1.87B,1.94B,2B,2B,1.59B
Liechtenstein,,,,,,,,,,,,,,,,,,,,,,,,,,,,,,,,,,,,,,,,,,,,,,,,,,,,,,,,6.27B,,,,,
Sri Lanka,,6.24B,6.48B,6.64B,6.9B,7.08B,7.44B,7.91B,8.37B,9.02B,9.37B,9.49B,9.45B,10.1B,10.5B,11.1B,11.5B,12.1B,12.8B,13.6B,14.4B,15.2B,15.9B,16.6B,17.5B,18.3B,19.1B,19.5B,20B,20.4B,21.7B,22.7B,23.7B,25.4B,26.8B,28.3B,29.3B,31.2B,32.7B,34.1B,36.1B,35.6B,37B,39.2B,41.3B,43.9B,47.2B,50.5B,53.5B,55.3B,59.8B,64.8B,70.7B,73.1B,76.8B,80.6B,84.2B,87.2B,90.1B,92.1B,88.8B
Lesotho,194M,197M,227M,251M,272M,278M,277M,307M,306M,311M,318M,334M,333M,421M,467M,404M,449M,547M,647M,666M,647M,652M,681M,694M,733M,752M,787M,793M,861M,911M,966M,1.03B,1.11B,1.14B,1.21B,1.25B,1.32B,1.37B,1.39B,1.4B,1.45B,1.51B,1.52B,1.59B,1.61B,1.67B,1.74B,1.81B,1.91B,1.89B,1.99B,2.08B,2.21B,2.25B,2.29B,2.36B,2.44B,2.37B,2.34B,2.33B,2.11B
Lithuania,,,,,,,,,,,,,,,,,,,,,,,,,,,,,,,,,,,,17.9B,18.8B,20.4B,21.9B,21.7B,22.5B,23.9B,25.6B,28.3B,30.1B,32.4B,34.9B,38.7B,39.7B,33.8B,34.4B,36.5B,37.9B,39.2B,40.6B,41.4B,42.5B,44.3B,46.1B,48.2B,48.1B
Luxembourg,8.01B,8.32B,8.43B,8.72B,9.41B,9.34B,9.44B,9.46B,9.86B,10.8B,12B,12.4B,13.2B,14.3B,14.9B,13.9B,14.3B,14.5B,15.1B,15.4B,15.6B,15.5B,15.6B,16.1B,17.1B,17.6B,19.3B,20.1B,21.8B,23.9B,25.2B,27.4B,27.9B,29.1B,30.2B,30.6B,31B,32.7B,34.9B,37.8B,40.4B,41.6B,43B,44.1B,45.9B,47.1B,49.9B,54B,53.8B,52.1B,54B,54.6B,55.5B,57.2B,58.7B,60.1B,63.1B,63.9B,65.2B,67.3B,66.1B
Latvia,,,,,,,,,,,,,,,,,,,,,,,,,,,,,,,,,,,,12.4B,12.7B,13.8B,14.7B,15.1B,15.9B,16.9B,18.1B,19.7B,21.3B,23.6B,26.4B,29B,28.1B,24.1B,23B,23.6B,25.2B,25.8B,26.2B,27.3B,27.9B,28.8B,30B,30.7B,29.6B
"Macao, China",,,,,,,,,,,,,,,,,,,,,,,5.86B,6.45B,7B,7.05B,7.52B,8.59B,9.27B,9.73B,10.5B,10.9B,12.3B,13B,13.5B,14B,13.9B,13.9B,13.2B,12.9B,13.7B,14.1B,15.3B,17.1B,21.7B,23.4B,26.6B,30.4B,31.4B,31.8B,39.8B,48.4B,52.9B,58.6B,57.4B,45B,44.7B,49.2B,52.4B,51.1B,23.5B
Morocco,,,,,,,10.7B,11.7B,12.9B,14B,14.6B,15.4B,15.8B,16.4B,17.3B,18.6B,20.6B,21.9B,22.4B,23.4B,24.3B,23.9B,26B,26.4B,28.1B,29.7B,32.5B,32.4B,36.2B,37.3B,38.5B,41.3B,40.5B,40.2B,44.4B,42B,47.2B,46.5B,49.8B,50.4B,51.3B,55.1B,56.8B,60.2B,63.1B,65.2B,70.1B,72.6B,76.9B,80.1B,83.2B,87.5B,90.2B,94.3B,96.8B,101B,102B,107B,110B,113B,106B
Monaco,,,,,,,,,,,1.77B,1.86B,1.94B,2.07B,2.16B,2.14B,2.24B,2.32B,2.41B,2.49B,2.54B,2.56B,2.62B,2.65B,2.69B,2.74B,2.81B,2.88B,3.01B,3.13B,3.22B,3.25B,3.29B,3.26B,3.33B,3.41B,3.44B,3.52B,3.64B,3.76B,3.91B,4B,4.04B,4.08B,4.18B,4.26B,4.51B,5.16B,5.19B,4.61B,4.7B,5.03B,5.08B,5.57B,5.97B,6.26B,6.48B,6.25B,6.62B,7.08B,6.25B
Moldova,,,,,,,,,,,,,,,,,,,,,,,,,,,,,,,,,,,,4.44B,4.17B,4.24B,3.97B,3.83B,3.91B,4.15B,4.48B,4.77B,5.12B,5.51B,5.77B,5.95B,6.41B,6.02B,6.45B,6.83B,6.79B,7.4B,7.77B,7.75B,8.09B,8.47B,8.83B,9.16B,8.52B
Madagascar,4.15B,4.24B,4.33B,4.29B,4.46B,4.44B,4.53B,4.78B,5.11B,5.3B,5.58B,5.8B,5.73B,5.58B,5.69B,5.76B,5.58B,5.72B,5.56B,6.11B,6.17B,5.57B,5.46B,5.51B,5.61B,5.67B,5.78B,5.85B,6.05B,6.3B,6.49B,6.08B,6.15B,6.28B,6.28B,6.39B,6.52B,6.77B,7.03B,7.36B,7.69B,8.15B,7.14B,7.84B,8.25B,8.64B,9.11B,9.63B,10.3B,9.86B,9.93B,10.1B,10.4B,10.6B,11B,11.3B,11.8B,12.2B,12.6B,13.2B,12.2B
Maldives,,,,,,,,,,,,,,,,,,,,,,,,,,,,,,,,,,,,1.41B,1.52B,1.65B,1.77B,1.88B,1.95B,1.87B,2.01B,2.29B,2.42B,2.11B,2.66B,2.86B,3.13B,2.91B,3.12B,3.38B,3.47B,3.72B,3.99B,4.11B,4.37B,4.68B,5.07B,5.41B,3.6B
Mexico,141B,148B,155B,168B,188B,201B,214B,226B,247B,256B,272B,283B,306B,330B,349B,369B,385B,398B,434B,476B,520B,565B,562B,542B,561B,573B,555B,565B,572B,595B,626B,653B,676B,689B,723B,677B,723B,773B,813B,835B,876B,873B,873B,885B,920B,941B,983B,1.01TR,1.02TR,964B,1.01TR,1.05TR,1.09TR,1.1TR,1.13TR,1.17TR,1.2TR,1.23TR,1.26TR,1.25TR,1.15TR
Marshall Islands,,,,,,,,,,,,,,,,,,,,,,79.7M,83.6M,96.5M,100M,94M,117M,128M,138M,136M,139M,139M,149M,158M,168M,181M,163M,152M,151M,149M,151M,161M,167M,165M,166M,170M,170M,175M,164M,170M,181M,180M,176M,183M,181M,184M,186M,192M,199M,212M,208M
North Macedonia,,,,,,,,,,,,,,,,,,,,,,,,,,,,,,,7.29B,6.84B,6.39B,5.92B,5.81B,5.75B,5.82B,5.9B,6.1B,6.36B,6.65B,6.45B,6.55B,6.69B,7B,7.33B,7.71B,8.21B,8.66B,8.63B,8.92B,9.13B,9.09B,9.35B,9.69B,10.1B,10.4B,10.5B,10.8B,11.2B,10.6B
Mali,,,,,,,,2B,2.08B,2.08B,2.21B,2.27B,2.4B,2.36B,2.33B,2.6B,2.95B,3.14B,3.1B,3.42B,3.27B,3.32B,3.07B,3.13B,3.12B,3.75B,3.85B,3.85B,4.13B,4.31B,4.2B,4.69B,4.54B,4.69B,4.86B,4.91B,5.25B,5.51B,5.92B,6.26B,6.26B,7.22B,7.44B,8.12B,8.25B,8.79B,9.2B,9.52B,9.97B,10.5B,11B,11.4B,11.3B,11.5B,12.3B,13.1B,13.9B,14.6B,15.3B,16B,15.8B
Malta,,,,,,,,,,,949M,972M,1.03B,1.07B,1.18B,1.41B,1.65B,1.85B,2.06B,2.27B,2.43B,2.51B,2.57B,2.56B,2.58B,2.65B,2.75B,2.86B,3.1B,3.36B,3.57B,3.79B,3.97B,4.15B,4.38B,4.66B,4.84B,5.09B,5.35B,5.6B,6.71B,6.63B,6.8B,7.07B,7.08B,7.32B,7.51B,7.87B,8.17B,8.07B,8.52B,8.56B,8.91B,9.4B,10.1B,11.1B,11.5B,12.5B,13.1B,13.9B,12.9B
Myanmar,,3.22B,3.3B,3.59B,3.7B,3.78B,3.87B,3.66B,3.77B,4.05B,4.21B,4.41B,4.55B,4.58B,4.68B,4.9B,5.15B,5.46B,5.81B,6.14B,6.55B,7.02B,7.44B,7.81B,8.17B,8.49B,8.56B,8.34B,7.71B,7.38B,7.62B,7.7B,8.05B,8.67B,9.26B,9.93B,10.6B,11.2B,11.9B,12.9B,14.5B,16.3B,18.2B,20.6B,23.4B,26.5B,30.1B,33.8B,37.6B,41.5B,45.7B,49.1B,52.3B,56.4B,61B,63B,69.7B,73.7B,78.4B,83.7B,86.3B
Montenegro,,,,,,,,,,,,,,,,,,,,,,,,,,,,,,,,,,,,,,2.73B,2.87B,2.6B,2.68B,2.71B,2.76B,2.83B,2.95B,3.08B,3.34B,3.57B,3.83B,3.61B,3.7B,3.82B,3.72B,3.85B,3.92B,4.05B,4.17B,4.37B,4.59B,4.78B,4.05B
Mongolia,,,,,,,,,,,,,,,,,,,,,,2.48B,2.69B,2.85B,3.02B,3.19B,3.49B,3.61B,3.79B,3.95B,3.83B,3.49B,3.17B,3.07B,3.14B,3.34B,3.41B,3.54B,3.66B,3.77B,3.82B,3.93B,4.12B,4.4B,4.87B,5.23B,5.67B,6.25B,6.81B,6.72B,7.15B,8.39B,9.42B,10.5B,11.3B,11.6B,11.8B,12.5B,13.4B,14.2B,13.5B
Northern Mariana Islands,,,,,,,,,,,,,,,,,,,,,,,,,,,,,,,,,,,,,,,,,,,1.61B,1.61B,1.56B,1.36B,1.27B,1.19B,1.05B,869M,881M,816M,823M,845M,880M,910M,1.18B,1.45B,1.17B,1.04B,
Mozambique,,,,,,,,,,,,,,,,,,,,,2.82B,2.96B,2.75B,2.32B,2.17B,2.19B,2.14B,2.46B,2.66B,2.83B,2.86B,3B,2.82B,3.12B,3.32B,3.39B,3.77B,4.2B,4.62B,5.16B,5.22B,5.85B,6.39B,6.83B,7.37B,7.86B,8.63B,9.29B,9.97B,10.6B,11.3B,12.1B,13B,13.9B,14.9B,16B,16.6B,17.2B,17.8B,18.2B,18B
Mauritania,,1.06B,1.07B,1.05B,1.34B,1.56B,1.56B,1.62B,1.78B,1.81B,2.02B,2.06B,2.04B,1.95B,2.19B,2.08B,2.25B,2.21B,2.2B,2.3B,2.38B,2.46B,2.41B,2.5B,2.42B,2.49B,2.63B,2.68B,2.73B,2.86B,2.81B,2.86B,2.91B,3.08B,2.99B,3.28B,3.47B,3.33B,3.42B,3.55B,3.41B,3.38B,3.43B,3.67B,3.84B,4.17B,4.93B,4.84B,4.82B,4.83B,4.95B,5.16B,5.39B,5.61B,5.85B,6.17B,6.24B,6.64B,6.94B,7.34B,7.21B
Mauritius,,,,,,,,,,,,,,,,,2.13B,2.27B,2.36B,2.44B,2.19B,2.32B,2.45B,2.46B,2.58B,2.76B,3.02B,3.29B,3.52B,3.67B,3.94B,4.11B,4.38B,4.6B,4.79B,5B,5.28B,5.58B,5.92B,6.07B,6.57B,6.79B,6.9B,7.31B,7.62B,7.76B,8.14B,8.6B,9.06B,9.37B,9.78B,10.2B,10.5B,10.9B,11.3B,11.7B,12.1B,12.6B,13.1B,13.5B,11.5B
Malawi,654M,704M,709M,699M,718M,816M,924M,991M,972M,1.03B,1.03B,1.2B,1.28B,1.31B,1.4B,1.48B,1.56B,1.64B,1.8B,1.87B,1.88B,1.78B,1.83B,1.89B,2B,2.09B,2.08B,2.12B,2.18B,2.21B,2.34B,2.54B,2.36B,2.59B,2.32B,2.71B,2.91B,3.02B,3.14B,3.23B,3.28B,3.12B,3.17B,3.35B,3.53B,3.65B,3.82B,4.19B,4.51B,4.88B,5.22B,5.47B,5.58B,5.87B,6.2B,6.37B,6.53B,6.79B,7.09B,7.48B,7.54B
Malaysia,10.1B,10.8B,11.5B,12.4B,13B,14B,15.1B,15.7B,17B,17.8B,18.9B,20.8B,22.7B,25.4B,27.5B,27.7B,30.9B,33.3B,35.5B,38.9B,41.8B,44.7B,47.3B,50.3B,54.2B,53.6B,54.3B,57.1B,62.8B,68.5B,74.6B,81.8B,89B,97.8B,107B,117B,129B,139B,128B,136B,148B,149B,157B,166B,177B,187B,197B,210B,220B,217B,233B,245B,258B,271B,287B,301B,315B,333B,349B,365B,344B
Namibia,,,,,,,,,,,,,,,,,,,,,3.48B,3.51B,3.5B,3.43B,3.43B,3.44B,3.61B,3.73B,3.76B,3.83B,3.91B,4.23B,4.54B,4.46B,4.54B,4.72B,4.87B,5.08B,5.24B,5.42B,5.61B,5.67B,5.95B,6.2B,6.96B,7.13B,7.64B,8.05B,8.26B,8.29B,8.79B,9.24B,9.7B,10.2B,10.9B,11.3B,11.3B,11.2B,11.3B,11.2B,10.3B
New Caledonia,,,,,,,,,,,,,,,,,,,,,,,,,,,,,,,,,,,,,,,,,,,,,,,,,,,,,,,,8.74B,,,,,
Niger,2.6B,2.72B,3B,3.28B,3.29B,3.51B,3.5B,3.51B,3.52B,3.33B,3.43B,3.62B,3.44B,2.85B,3.1B,3.01B,3.03B,3.27B,3.71B,3.97B,3.88B,3.87B,3.95B,3.8B,3.16B,3.41B,3.62B,3.63B,3.87B,3.91B,3.86B,3.84B,3.92B,3.93B,4.01B,4.1B,4.11B,4.17B,4.59B,4.58B,4.52B,4.85B,5.09B,5.2B,5.22B,5.6B,5.93B,6.12B,6.59B,6.72B,7.3B,7.47B,8.26B,8.7B,9.28B,9.68B,10.2B,10.8B,11.5B,12.2B,12.6B
Nigeria,64.7B,64.8B,67.5B,73.3B,76.9B,80.7B,77.3B,65.1B,64.3B,79.8B,99.8B,114B,118B,124B,138B,131B,143B,151B,143B,152B,159B,138B,128B,114B,113B,120B,120B,124B,133B,135B,151B,152B,159B,156B,153B,153B,159B,164B,168B,169B,177B,188B,217B,233B,254B,271B,287B,306B,327B,353B,381B,401B,418B,446B,474B,487B,479B,483B,492B,503B,494B
Nicaragua,2.98B,3.2B,3.55B,3.94B,4.4B,4.82B,4.98B,5.33B,5.4B,5.73B,5.81B,6B,6.14B,6.53B,7.46B,7.45B,7.83B,8.49B,7.82B,5.75B,6.02B,6.34B,6.29B,6.58B,6.47B,6.21B,6.15B,6.1B,5.34B,5.25B,5.25B,5.24B,5.26B,5.24B,5.41B,5.73B,6.1B,6.34B,6.57B,7.04B,7.32B,7.54B,7.6B,7.79B,8.2B,8.56B,8.91B,9.36B,9.68B,9.37B,9.78B,10.4B,11.1B,11.6B,12.2B,12.8B,13.3B,14B,13.5B,13B,12.7B
Netherlands,164B,164B,176B,182B,197B,214B,220B,232B,247B,262B,279B,291B,301B,317B,328B,328B,343B,351B,361B,368B,373B,370B,366B,373B,385B,394B,405B,413B,428B,446B,465B,476B,485B,491B,505B,521B,539B,562B,589B,618B,644B,659B,661B,662B,675B,689B,713B,739B,755B,728B,738B,749B,741B,740B,751B,766B,782B,805B,824B,840B,808B
Curaçao,,,,,,,,,,,,,,,,,,,,,,,,,,,,,,,,,,,,,,,,,2.98B,2.96B,2.98B,2.98B,2.99B,3.01B,3.06B,3.14B,3.2B,3.19B,3.19B,3.21B,3.2B,3.18B,3.14B,3.15B,3.12B,3.07B,3B,2.9B,2.36B
Norway,68.5B,72.8B,74.9B,77.7B,81.6B,85.9B,89.2B,94.7B,96.9B,101B,103B,109B,115B,120B,125B,131B,139B,144B,150B,157B,164B,166B,167B,173B,184B,194B,202B,205B,205B,207B,211B,217B,225B,232B,243B,253B,266B,280B,288B,293B,303B,309B,314B,316B,329B,338B,346B,356B,358B,352B,354B,358B,367B,371B,378B,386B,390B,399B,403B,406B,404B
Nepal,3.32B,3.38B,3.45B,3.51B,3.78B,3.73B,3.99B,3.93B,3.96B,4.13B,4.24B,4.19B,4.32B,4.3B,4.57B,4.64B,4.84B,4.99B,5.21B,5.33B,5.21B,5.64B,5.86B,5.68B,6.23B,6.62B,6.92B,7.04B,7.58B,7.91B,8.27B,8.8B,9.16B,9.51B,10.3B,10.7B,11.2B,11.8B,12.1B,12.7B,13.5B,14.1B,14.1B,14.7B,15.4B,15.9B,16.4B,17B,18B,18.9B,19.8B,20.4B,21.3B,22.1B,23.4B,24.4B,24.5B,26.7B,28.7B,30.6B,30B
Nauru,,,,,,,,,,,,,,,,,,,,,,,,,,,,,,,,,,,,,,,,,,,,,34M,33M,36.1M,27.8M,34M,37.1M,41.2M,45.3M,50.5M,65.9M,83.4M,86.5M,89.6M,84.5M,89.6M,89.6M,90.7M
New Zealand,,,,,,,,,,,,,,,,,,70.2B,70.4B,71.9B,72.9B,76.3B,77B,79.7B,83.5B,84.8B,87.1B,88B,87.7B,87.8B,87.9B,87B,87.9B,93.5B,98.3B,103B,107B,109B,110B,116B,119B,123B,129B,135B,140B,145B,149B,154B,152B,152B,154B,158B,161B,165B,172B,178B,185B,191B,198B,201B,204B
Oman,,,,,,1.6B,1.68B,2.79B,5.08B,6.38B,7.26B,7.33B,8.05B,6.9B,7.7B,9.58B,11.5B,11.7B,11.2B,11.7B,12.4B,14.5B,16.2B,18.9B,22.1B,25.2B,25.7B,24.8B,26.3B,29.4B,29.3B,31.1B,33.7B,35.8B,37.2B,39B,40.2B,42.6B,43.8B,43.9B,46.8B,48.9B,48.3B,47B,47.7B,48.8B,51.5B,53.8B,58.2B,61.7B,62.8B,64.6B,70.3B,74B,75B,78.7B,82.7B,82.9B,84B,83.1B,80.4B
Pakistan,17.1B,18.1B,18.9B,20.5B,22.1B,24.4B,25.8B,27.2B,29.1B,30.8B,34.2B,34.4B,34.7B,37.1B,38.5B,40.1B,42.1B,43.8B,47.3B,49.1B,54.1B,58.4B,62.2B,66.4B,69.8B,75.1B,79.2B,84.4B,90.8B,95.3B,99.5B,105B,113B,115B,119B,125B,131B,132B,136B,141B,146B,152B,155B,164B,177B,188B,200B,209B,213B,219B,222B,228B,236B,247B,258B,271B,286B,301B,319B,323B,320B
Panama,3.07B,3.4B,3.68B,4B,4.18B,4.56B,4.91B,5.32B,5.7B,6.18B,6.61B,7.24B,7.57B,7.98B,8.18B,8.32B,8.46B,8.55B,9.39B,9.81B,11.1B,12.1B,12.8B,12.2B,12.5B,13.1B,13.6B,13.4B,11.6B,11.8B,12.7B,13.9B,15B,15.9B,16.3B,16.6B,17.3B,18.4B,19.7B,20.5B,21.1B,21.2B,21.7B,22.6B,24.3B,26B,28.3B,31.7B,34.8B,35.2B,37.3B,41.5B,45.5B,48.7B,51.2B,54.1B,56.8B,59.9B,62.2B,64B,52.5B
Peru,27.5B,29.5B,32.5B,33.9B,36.1B,38.2B,41.3B,42.9B,43B,44.5B,46B,48.1B,49.7B,52.9B,57.8B,60.3B,61.2B,61.4B,59.8B,62.2B,65.9B,69.6B,69.4B,62.2B,64.5B,65.8B,72B,79B,71.5B,62.7B,59.6B,60.9B,60.6B,63.8B,71.6B,76.9B,79.1B,84.2B,83.9B,85.1B,87.4B,88B,92.7B,96.6B,101B,108B,116B,126B,137B,139B,150B,160B,170B,180B,184B,190B,197B,202B,210B,215B,191B
Philippines,31.3B,33.1B,34.7B,37.2B,38.4B,40.5B,42.3B,44.5B,46.7B,48.9B,50.7B,53.5B,56.4B,61.3B,63.4B,66.9B,72.7B,76.8B,80.8B,85.3B,89.7B,92.8B,96.2B,98.1B,91.2B,84.9B,87.9B,91.7B,97.9B,104B,107B,107B,107B,109B,114B,119B,126B,133B,132B,137B,143B,147B,153B,160B,171B,179B,189B,201B,210B,213B,229B,237B,254B,271B,288B,306B,328B,351B,373B,396B,358B
Palau,,,,,,,,,,,,,,,,,,,,,,,,,,,,,,,,,,,,,,,,,225M,239M,248M,240M,251M,261M,260M,265M,250M,234M,234M,250M,254M,245M,261M,280M,280M,271M,271M,266M,240M
Papua New Guinea,2.62B,2.78B,2.96B,3.08B,3.34B,3.69B,3.9B,4.06B,4.24B,4.59B,5.08B,5.4B,5.71B,6.08B,6.24B,6.18B,5.97B,6.02B,6.54B,6.66B,6.51B,6.49B,6.51B,6.72B,6.7B,6.96B,7.29B,7.49B,7.71B,7.6B,7.37B,8.08B,9.2B,10.9B,11.5B,11.1B,12B,11.5B,11.1B,11.3B,11B,11B,11B,11.2B,11.5B,12.3B,12.9B,13.9B,13.9B,14.8B,16.3B,16.5B,17.3B,18B,20.4B,21.7B,22.9B,23.7B,23.7B,24.7B,23.9B
Poland,,,,,,,,,,,,,,,,,,,,,,,,,,,,,,,195B,181B,186B,193B,203B,218B,231B,246B,257B,269B,281B,285B,291B,301B,316B,327B,347B,372B,387B,398B,413B,433B,438B,443B,458B,478B,493B,517B,544B,570B,556B
Puerto Rico,14.9B,15.9B,17.2B,18.7B,20.1B,21.9B,23.5B,25B,26.3B,28.8B,31.2B,33.2B,35.6B,37.8B,38.9B,38.7B,41.1B,43.5B,46.5B,50.2B,52.4B,53B,52.1B,50.9B,53.9B,55.6B,58.4B,61.7B,65.4B,68.2B,66.3B,67.8B,70.9B,74.2B,77.3B,80.8B,82.7B,86.7B,91.5B,96.4B,99.6B,106B,107B,107B,116B,114B,112B,111B,109B,107B,106B,106B,106B,106B,104B,103B,102B,99.1B,95B,96.4B,92.7B
Portugal,34.9B,36.8B,39.2B,41.5B,44.1B,47.4B,49.4B,53.1B,57.8B,59B,66.5B,70.9B,76.6B,85.1B,86.1B,82.4B,88.1B,93B,95.6B,101B,106B,107B,110B,109B,107B,110B,115B,122B,131B,140B,145B,152B,153B,150B,152B,158B,164B,171B,179B,186B,193B,197B,199B,197B,200B,202B,205B,210B,211B,204B,208B,204B,196B,194B,196B,199B,203B,211B,217B,222B,204B
Paraguay,2.84B,3.04B,3.14B,3.28B,3.42B,3.63B,3.71B,4.05B,4.23B,4.43B,4.67B,4.93B,5.26B,5.64B,6.12B,6.54B,7.03B,7.84B,8.78B,9.82B,11B,12B,11.8B,11.4B,11.8B,12.3B,12.9B,13.9B,14.7B,15.7B,16.4B,17B,17.2B,18.1B,19.1B,20.4B,20.7B,21.6B,21.6B,21.3B,20.8B,20.6B,20.6B,21.5B,22.4B,22.8B,23.9B,25.2B,26.9B,26.8B,29.8B,31.1B,30.8B,33.4B,35.2B,36.2B,37.8B,39.6B,40.8B,40.7B,40.4B
Palestine,,,,,,,,,,,,,,,,,,,,,,,,,,,,,,,,,,,5.06B,5.42B,5.48B,6.29B,7.19B,7.78B,7.12B,6.46B,5.65B,6.44B,7.85B,8.74B,8.65B,8.98B,9.65B,10.5B,11.1B,12.1B,12.9B,13.5B,13.5B,14B,15.2B,15.4B,15.6B,15.8B,14B
Qatar,,,,,,,,,,,,,,,,,,,,,,,,,,,,,,,,,,,,,,,,,33.7B,35B,37.5B,38.9B,46.4B,49.9B,62.9B,74.2B,87.3B,97.8B,117B,133B,139B,147B,154B,162B,167B,164B,166B,167B,161B
Romania,,,,,,,,,,,,,,,,,,,,,,,,,,,,,,,116B,101B,92.1B,93.5B,97.2B,103B,107B,102B,100B,99.6B,102B,107B,114B,116B,128B,134B,145B,156B,170B,161B,154B,157B,161B,167B,173B,178B,186B,200B,209B,217B,209B
Russia,,,,,,,,,,,,,,,,,,,,,,,,,,,,,,1.2TR,1.16TR,1.1TR,943B,861B,753B,721B,694B,704B,667B,709B,780B,820B,859B,921B,988B,1.05TR,1.14TR,1.23TR,1.3TR,1.2TR,1.25TR,1.3TR,1.36TR,1.38TR,1.39TR,1.36TR,1.37TR,1.39TR,1.43TR,1.46TR,1.42TR
Rwanda,1.01B,970M,1.08B,974M,852M,912M,976M,1.04B,1.12B,1.24B,1.31B,1.33B,1.33B,1.38B,1.4B,1.37B,1.64B,1.67B,1.82B,2.04B,2.22B,2.34B,2.38B,2.53B,2.42B,2.52B,2.66B,2.66B,2.78B,2.78B,2.71B,2.65B,2.8B,2.57B,1.28B,1.73B,1.95B,2.22B,2.42B,2.53B,2.74B,2.97B,3.36B,3.43B,3.69B,4.04B,4.41B,4.75B,5.27B,5.6B,6.02B,6.49B,7.06B,7.39B,7.84B,8.54B,9.05B,9.41B,10.2B,11.2B,10.8B
Saudi Arabia,,,,,,,,,74B,78.5B,125B,150B,184B,229B,266B,242B,286B,306B,290B,325B,343B,350B,277B,233B,222B,200B,234B,219B,247B,246B,283B,326B,339B,334B,336B,337B,346B,350B,360B,346B,366B,361B,351B,390B,421B,445B,457B,466B,495B,485B,509B,560B,590B,606B,628B,654B,665B,660B,676B,679B,651B
Sudan,10.3B,10.3B,11B,10.7B,10.6B,11.3B,10.9B,11B,11.3B,11.4B,12.1B,12.4B,11.7B,11.8B,13.2B,15.2B,17.8B,18.9B,17.8B,16.9B,17.1B,18.4B,19.5B,19.9B,18.9B,17.7B,18.7B,21.3B,21.3B,23.2B,21.9B,23.5B,25.1B,26.2B,26.5B,28.1B,29.7B,32.9B,34.3B,35.4B,37.6B,40.1B,42.5B,45.1B,47.5B,50.1B,53.4B,56.5B,58.6B,57B,59.2B,57.3B,47.6B,48.5B,50.8B,51.7B,53.5B,53.9B,52.5B,51.3B,49.4B
Senegal,3.85B,3.96B,3.96B,4.03B,4.19B,4.24B,4.36B,4.31B,4.58B,4.28B,4.65B,4.64B,4.94B,4.66B,4.86B,5.22B,5.69B,5.54B,5.32B,5.69B,5.92B,6.22B,6.72B,6.34B,6.59B,6.82B,7.03B,7.47B,7.41B,7.71B,7.65B,7.85B,7.96B,8.06B,8.06B,8.5B,8.67B,8.94B,9.46B,10.1B,10.5B,10.9B,10.9B,11.5B,12.1B,12.6B,12.9B,13.2B,13.7B,14.1B,14.6B,14.8B,15.4B,15.7B,16.7B,17.8B,18.9B,20.3B,21.6B,22.5B,22.9B
Singapore,5.94B,6.43B,6.91B,7.61B,7.37B,7.95B,8.76B,9.85B,11.2B,12.7B,14.5B,16.3B,18.5B,20.4B,21.7B,22.6B,24.2B,25.9B,27.9B,30.6B,33.7B,37.3B,39.9B,43.4B,47.2B,46.9B,47.5B,52.6B,58.6B,64.5B,70.9B,75.6B,80.6B,89.9B,99.8B,107B,115B,125B,122B,129B,140B,139B,144B,151B,166B,178B,194B,212B,215B,216B,247B,263B,274B,288B,299B,308B,318B,333B,344B,349B,330B
Solomon Islands,,,,,,,,,,,,,,,,,,,,,547M,538M,529M,549M,550M,533M,532M,577M,584M,609M,622M,659M,743M,773M,835M,920M,935M,926M,938M,933M,800M,736M,716M,763M,813M,858M,900M,940M,995M,1.02B,1.11B,1.19B,1.21B,1.28B,1.29B,1.31B,1.38B,1.46B,1.52B,1.53B,1.47B
Sierra Leone,1.15B,1.17B,1.23B,1.25B,1.33B,1.43B,1.45B,1.45B,1.48B,1.61B,1.74B,1.8B,1.82B,1.86B,1.93B,1.96B,1.95B,1.95B,2B,2.09B,2.19B,2.25B,2.36B,2.31B,2.41B,2.28B,2.31B,2.47B,2.3B,2.31B,2.39B,2.45B,1.98B,2.01B,1.97B,1.81B,1.84B,1.74B,1.77B,1.73B,1.85B,1.73B,2.19B,2.39B,2.55B,2.66B,2.78B,3B,3.16B,3.26B,3.44B,3.65B,4.21B,5.08B,5.31B,4.22B,4.47B,4.66B,4.82B,5.08B,4.98B
El Salvador,,,,,,8.44B,9.04B,9.53B,9.84B,10.2B,10.5B,10.9B,11.6B,12.1B,12.8B,13.1B,13.8B,14.7B,15.5B,14.9B,12.5B,11.8B,11.1B,11.2B,11.4B,11.4B,11.5B,11.8B,12B,12.1B,12.7B,12.9B,13.8B,14.6B,15.3B,16B,16.1B,16.6B,17.1B,17.4B,17.6B,17.8B,18.1B,18.3B,18.5B,19B,19.8B,20.2B,20.6B,20.2B,20.6B,21.4B,22B,22.5B,22.9B,23.4B,24B,24.6B,25.2B,25.8B,23.6B
San Marino,,,,,,,,,,,,,,,,,,,,,,,,,,,,,,,,,,,,,,1.25B,1.34B,1.46B,1.5B,1.58B,1.58B,1.65B,1.72B,1.76B,1.83B,1.96B,1.95B,1.75B,1.65B,1.52B,1.41B,1.4B,1.39B,1.42B,1.45B,1.46B,1.48B,1.51B,
Somalia,,,,,,,,,,,,,,,,,,,,,,,,,,,,,,,,,,,,,,,,,,,,,,,,,,,,,,4.32B,4.64B,5.33B,5.78B,5.93B,6.38B,6.9B,7.07B
Serbia,,,,,,,,,,,,,,,,,,,,,,,,,,,,,,,,,,,,21.2B,22.5B,24.2B,25B,22.6B,24B,25.7B,27.3B,28.5B,31.1B,32.8B,34.5B,36.7B,38.7B,37.7B,38B,38.7B,38.5B,39.6B,39B,39.7B,41B,41.8B,43.7B,45.6B,45.2B
South Sudan,,,,,,,,,,,,,,,,,,,,,,,,,,,,,,,,,,,,,,,,,,,,,,,,,20.2B,21.2B,22.4B,21.3B,11.5B,13B,13.4B,12B,,,,,
Sao Tome and Principe,,,,,,,,,,,,,,,,,,,,,,,,,,,,,,,,,,,,,,,,,,157M,160M,171M,177M,190M,207M,214M,231M,237M,253M,264M,272M,285M,304M,316M,329M,342M,352M,360M,371M
Suriname,1.04B,1.09B,1.13B,1.2B,1.27B,1.43B,1.7B,1.91B,2.05B,2.14B,2.2B,2.29B,2.27B,2.23B,2.24B,2.3B,2.51B,2.76B,2.94B,2.93B,2.67B,2.86B,2.74B,2.63B,2.58B,2.63B,2.65B,2.49B,2.68B,2.8B,2.67B,2.74B,2.75B,2.57B,2.66B,2.66B,2.68B,2.84B,2.9B,2.86B,2.92B,3.04B,3.13B,3.33B,3.61B,3.77B,3.99B,4.19B,4.37B,4.5B,4.73B,5.01B,5.14B,5.29B,5.31B,5.13B,4.87B,4.95B,5.2B,5.25B,4.42B
Slovak Republic,,,,,,,,,,,,,,,,,,,,,,,,,,,,,,,,,35.3B,36B,38.2B,40.4B,43.1B,45.7B,47.5B,47.5B,48B,49.6B,51.8B,54.7B,57.6B,61.4B,66.6B,73.8B,77.9B,73.7B,78.3B,80.4B,81.5B,82B,84.2B,88.6B,90.3B,93B,96.6B,99.1B,94.8B
Slovenia,,,,,,,,,,,,,,,,,,,,,,,,,,,,,,,,,,,,26.4B,27.3B,28.6B,29.6B,31.2B,32.3B,33.3B,34.5B,35.5B,37.1B,38.5B,40.7B,43.5B,45.1B,41.7B,42.2B,42.6B,41.5B,41B,42.2B,43.1B,44.5B,46.6B,48.7B,50.3B,48.1B
Sweden,124B,131B,136B,144B,153B,159B,163B,168B,174B,183B,196B,198B,203B,211B,217B,223B,225B,222B,225B,234B,238B,239B,242B,247B,257B,263B,270B,279B,286B,294B,296B,292B,289B,283B,294B,306B,311B,320B,334B,348B,365B,370B,378B,387B,404B,415B,435B,450B,448B,428B,454B,468B,465B,471B,483B,505B,516B,529B,539B,550B,534B
Eswatini,,,,,,,,,,,419M,477M,503M,548M,579M,660M,646M,652M,661M,682M,766M,879M,889M,900M,955M,991M,1.11B,1.28B,1.36B,1.53B,1.86B,1.89B,1.95B,2.01B,2.06B,2.16B,2.24B,2.31B,2.37B,2.44B,2.48B,2.51B,2.62B,2.72B,2.82B,2.99B,3.17B,3.31B,3.34B,3.39B,3.52B,3.6B,3.79B,3.94B,3.97B,4.06B,4.11B,4.19B,4.29B,4.4B,4.32B
Sint Maarten (Dutch part),,,,,,,,,,,,,,,,,,,,,,,,,,,,,,,,,,,,,,,,,,,,,,,,,,1.11B,1.14B,1.2B,1.21B,1.23B,1.25B,1.25B,1.26B,1.19B,1.11B,,
Seychelles,132M,125M,136M,150M,159M,157M,179M,180M,193M,193M,210M,244M,259M,283M,286M,295M,344M,322M,390M,452M,433M,397M,393M,386M,404M,449M,448M,467M,493M,548M,586M,602M,646M,686M,680M,674M,708M,792M,859M,875M,888M,868M,878M,827M,803M,876M,958M,1.06B,1.03B,1.02B,1.08B,1.17B,1.18B,1.26B,1.31B,1.38B,1.44B,1.51B,1.54B,1.55B,1.39B
Syria,2.4B,2.66B,3.31B,3.02B,3.3B,3.38B,3.12B,3.37B,3.5B,4.16B,4.08B,4.45B,5.59B,5.01B,6.3B,7.33B,8.22B,8.08B,8.88B,8.96B,10.3B,11.1B,11.4B,11.6B,10.7B,11.7B,10.8B,11B,13B,11.2B,11.6B,12.5B,14.1B,15B,16.1B,17.2B,18.9B,19.9B,21.2B,20.5B,20.6B,20.8B,21.6B,23.2B,24.8B,26.3B,27.7B,29.2B,30.5B,32.3B,34B,35B,25.8B,19B,17B,16.5B,15.6B,15.5B,15.7B,16.3B,
Turks and Caicos Islands,,,,,,,,,,,,,,,,,,,,,,,,,,,,,,,,,,,,,,,,,,,,,,,,,,,,778M,770M,778M,846M,942M,1.01B,985M,1.04B,1.1B,802M
Chad,1.7B,1.72B,1.81B,1.78B,1.74B,1.75B,1.72B,1.73B,1.72B,1.84B,1.88B,1.83B,1.86B,1.7B,1.78B,1.94B,2B,2.05B,2.04B,1.6B,1.5B,1.52B,1.6B,1.85B,1.89B,2.3B,2.21B,2.16B,2.49B,2.61B,2.5B,2.71B,2.93B,2.47B,2.72B,2.76B,2.82B,2.98B,3.18B,3.16B,3.13B,3.5B,3.8B,4.35B,5.82B,6.83B,6.87B,7.1B,7.31B,7.62B,8.65B,8.66B,9.43B,9.97B,10.7B,11B,10.3B,9.96B,10.2B,10.5B,10.4B
Togo,536M,601M,624M,655M,748M,864M,945M,997M,1.05B,1.16B,1.19B,1.19B,1.28B,1.33B,1.39B,1.43B,1.4B,1.5B,1.66B,1.58B,1.81B,1.75B,1.68B,1.59B,1.68B,1.77B,1.8B,1.81B,1.93B,2.01B,2.01B,1.99B,1.91B,1.62B,1.87B,2.01B,2.19B,2.51B,2.45B,2.51B,2.49B,2.51B,2.61B,2.78B,2.75B,2.63B,2.69B,2.66B,2.77B,2.92B,3.1B,3.3B,3.52B,3.73B,3.95B,4.18B,4.41B,4.61B,4.83B,5.1B,5.19B
Thailand,15.9B,16.8B,18B,19.5B,20.8B,22.5B,25B,27.2B,29.4B,31.3B,34.9B,36.6B,38.1B,42B,43.9B,46.1B,50.4B,55.4B,61B,64.3B,67.7B,71.7B,75.5B,79.7B,84.3B,88.2B,93.1B,102B,115B,130B,144B,156B,169B,183B,198B,214B,226B,219B,203B,212B,221B,229B,243B,261B,277B,289B,303B,319B,325B,323B,347B,350B,375B,385B,389B,401B,415B,432B,451B,461B,433B
Tajikistan,,,,,,,,,,,,,,,,,,,,,,,,,,6.55B,6.78B,6.7B,7.63B,7.13B,7.09B,6.59B,4.68B,3.91B,3.08B,2.69B,2.24B,2.28B,2.4B,2.49B,2.7B,2.96B,3.28B,3.64B,4.01B,4.28B,4.58B,4.94B,5.33B,5.54B,5.9B,6.33B,6.81B,7.31B,7.8B,8.27B,8.84B,9.47B,10.2B,10.9B,11.4B
Turkmenistan,,,,,,,,,,,,,,,,,,,,,,,,,,,,9.13B,10.1B,9.71B,13.1B,12.5B,10.7B,10.8B,8.95B,8.31B,8.86B,7.85B,8.41B,9.8B,10.3B,10.8B,10.8B,11.2B,11.7B,13.3B,14.7B,16.3B,18.7B,19.9B,21.7B,24.9B,27.7B,30.5B,33.6B,35.8B,38B,40.5B,43B,45.7B,
Timor-Leste,,,,,,,,,,,,,,,,,,,,,,,,,,,,,,,,,,,,,,,,,833M,969M,904M,884M,888M,914M,877M,967M,1.08B,1.19B,1.3B,1.37B,1.44B,1.48B,1.55B,1.59B,1.65B,1.6B,1.59B,1.9B,2.09B
Tonga,,,,,,,,,,,,,,,,,,,,,,222M,233M,237M,241M,257M,263M,271M,266M,267M,261M,278M,279M,289M,303M,326M,332M,336M,344M,357M,360M,373M,391M,400M,391M,391M,390M,392M,410M,389M,392M,419M,422M,423M,432M,437M,466M,481M,483M,486M,489M
Trinidad and Tobago,3.69B,4.2B,4.32B,4.56B,4.91B,4.94B,5.14B,5.25B,5.52B,5.67B,5.88B,5.94B,6.28B,6.38B,6.63B,6.72B,7.16B,7.81B,8.59B,8.9B,9.82B,10.3B,10.7B,9.57B,9.02B,8.64B,8.36B,7.98B,7.67B,7.6B,7.72B,7.96B,8.76B,8.7B,9.01B,9.36B,10B,10.8B,11.7B,12.6B,13.5B,14B,15.1B,17.3B,18.7B,19.9B,22.5B,23.5B,24.3B,23.3B,24B,24B,24.3B,24.8B,24.6B,25B,23.6B,22.9B,22.9B,22.6B,20.8B
Tunisia,,,,,,4.86B,5.02B,5.03B,5.56B,5.82B,6.09B,6.74B,7.93B,7.88B,8.51B,9.12B,9.84B,10.2B,10.8B,11.5B,12.4B,13.1B,13B,13.6B,14.4B,15.2B,15B,16B,16B,16.3B,17.6B,18.3B,19.7B,20.1B,20.8B,21.3B,22.8B,24B,25.2B,26.7B,28B,29B,29.4B,30.8B,32.7B,33.9B,35.6B,38B,39.6B,40.8B,42.3B,41.6B,43.2B,44.1B,45.3B,45.8B,46.3B,47.3B,48.5B,49.2B,44.7B
Turkey,68.9B,69.7B,73.6B,80.3B,84.7B,87.1B,96.8B,101B,108B,113B,116B,123B,132B,136B,144B,154B,170B,176B,179B,178B,173B,182B,188B,198B,211B,220B,235B,258B,263B,264B,289B,291B,305B,329B,313B,338B,363B,391B,400B,387B,414B,390B,415B,439B,482B,525B,562B,590B,595B,566B,614B,683B,716B,776B,815B,864B,893B,960B,989B,997B,1.02TR
Tuvalu,,,,,,,,,,,,,,,,,,,,,,,,,,,,,,,20M,20.7M,21.3M,22.2M,24.4M,23.2M,21.8M,24M,27.8M,27.3M,27.1M,27.5M,29.7M,28.7M,28.3M,27.2M,27.8M,29.6M,31.9M,30.5M,29.7M,31.9M,30.7M,32.1M,32.5M,35.5M,36.6M,38.1M,39M,42.8M,44.7M
Tanzania,,,,,,,,,,,,,,,,,,,,,,,,,,,,,12.4B,12.8B,13.7B,14B,14.1B,14.3B,14.5B,15B,15.7B,16.3B,16.9B,17.7B,18.5B,19.6B,21B,22.4B,24.1B,25.9B,27.6B,29.4B,31.1B,32.7B,34.8B,37.5B,39.2B,41.8B,44.6B,47.4B,50.6B,54.1B,57B,60.3B,61.5B
Uganda,,,,,,,,,,,,,,,,,,,,,,,4.98B,5.27B,5.25B,5.08B,5.1B,5.3B,5.74B,6.1B,6.5B,6.86B,7.09B,7.68B,8.18B,9.12B,9.95B,10.5B,11B,11.8B,12.2B,12.9B,14B,14.9B,15.9B,16.9B,18.7B,20.3B,22.1B,23.6B,24.9B,27.2B,28.3B,29.3B,30.8B,32.4B,33.9B,35B,37.2B,39.6B,40.8B
Ukraine,,,,,,,,,,,,,,,,,,,,,,,,,,,,162B,166B,172B,161B,147B,133B,114B,87.9B,77.2B,69.4B,67.4B,66.1B,65.9B,69.8B,76B,80B,87.7B,98B,101B,109B,118B,120B,102B,106B,112B,112B,112B,101B,91B,93.3B,95.5B,98.8B,102B,97.9B
Uruguay,15.6B,16B,15.7B,15.7B,16.1B,16.3B,16.8B,16.2B,16.5B,17.4B,17.8B,17.8B,17.6B,17.6B,18.1B,19.2B,20B,20.3B,21.4B,22.7B,24B,24.4B,22B,19.8B,19.5B,19.8B,21.6B,23.3B,23.6B,23.9B,24B,24.8B,26.8B,27.5B,29.5B,29.1B,30.7B,33.3B,34.8B,34.1B,33.5B,32.2B,29.7B,29.9B,31.4B,33.8B,35.2B,37.5B,40.2B,41.9B,45.1B,47.5B,49.1B,51.4B,53.1B,53.3B,54.2B,55.1B,55.3B,55.5B,52.3B
United States,3.46TR,3.54TR,3.75TR,3.92TR,4.14TR,4.41TR,4.7TR,4.81TR,5.05TR,5.2TR,5.18TR,5.35TR,5.64TR,5.95TR,5.92TR,5.91TR,6.23TR,6.52TR,6.88TR,7.09TR,7.08TR,7.26TR,7.13TR,7.45TR,7.99TR,8.32TR,8.61TR,8.91TR,9.28TR,9.62TR,9.8TR,9.79TR,10.1TR,10.4TR,10.8TR,11.1TR,11.5TR,12.1TR,12.6TR,13.2TR,13.7TR,13.9TR,14.1TR,14.5TR,15.1TR,15.6TR,16TR,16.3TR,16.3TR,15.9TR,16.3TR,16.6TR,16.9TR,17.3TR,17.7TR,18.2TR,18.6TR,19TR,19.6TR,20TR,19.3TR
Uzbekistan,,,,,,,,,,,,,,,,,,,,,,,,,,,,28.1B,30.7B,31.6B,32.1B,32B,28.4B,27.7B,26.3B,26B,26.5B,27.9B,29.1B,30.3B,31.5B,32.8B,34.1B,35.5B,38.2B,40.8B,43.9B,48B,52.4B,56.6B,60.9B,65.5B,70.1B,75.2B,80.4B,86.2B,91.3B,95.3B,100B,106B,108B
St. Vincent and the Grenadines,149M,156M,162M,152M,157M,159M,159M,143M,153M,157M,174M,179M,225M,200M,183M,169M,186M,211M,232M,240M,245M,257M,268M,274M,292M,310M,327M,329M,375M,380M,407M,399M,416M,445M,439M,473M,479M,496M,516M,530M,539M,548M,583M,627M,654M,670M,721M,745M,757M,741M,716M,713M,723M,737M,745M,755M,770M,777M,794M,798M,772M
Virgin Islands (U.S.),,,,,,,,,,,,,,,,,,,,,,,,,,,,,,,,,,,,,,,,,,,4.69B,4.67B,4.82B,4.99B,5.17B,5.37B,5.44B,5.08B,5.11B,4.69B,4B,3.75B,3.68B,3.66B,3.72B,3.69B,3.75B,3.84B,
Vietnam,,,,,,,,,,,,,,,,,,,,,,,,,28.1B,29.2B,30B,31.1B,32.7B,35.1B,36.8B,39B,42.4B,45.8B,49.9B,54.7B,59.8B,64.6B,68.4B,71.6B,76.5B,81.2B,86.3B,92.3B,99.3B,107B,114B,122B,129B,136B,145B,154B,162B,171B,181B,193B,205B,219B,235B,251B,259B
Vanuatu,,,,,,,,,,,,,,,,,,,,333M,295M,308M,314M,323M,354M,358M,357M,347M,341M,346M,387M,399M,410M,413M,450M,455M,465M,488M,494M,495M,525M,507M,480M,501M,521M,549M,595M,612M,647M,666M,675M,696M,703M,706M,728M,731M,765M,813M,837M,870M,811M
Samoa,,,,,,,,,,,,,,,,,,,,,,,410M,411M,417M,433M,457M,459M,453M,469M,449M,438M,437M,455M,444M,473M,507M,511M,522M,533M,570M,610M,636M,665M,696M,725M,739M,786M,793M,755M,759M,790M,758M,755M,755M,788M,852M,861M,850M,887M,864M
Yemen,,,,,,,,,,,,,,,,,,,,,,,,,,,,,,,23.9B,25.4B,27.5B,28.6B,30.5B,32.3B,33.8B,35.5B,37.7B,39.1B,41.5B,43.1B,44.8B,46.5B,48.3B,51B,52.6B,54.4B,56.4B,58.5B,63B,55B,56.3B,59.1B,58.9B,42.4B,38.5B,36.5B,36.8B,,
South Africa,65.7B,68.2B,72.4B,77.7B,83.9B,89B,93B,99.7B,104B,109B,114B,119B,121B,127B,135B,137B,140B,140B,144B,149B,159B,168B,167B,164B,173B,170B,171B,174B,181B,186B,185B,183B,179B,182B,187B,193B,201B,207B,208B,213B,222B,228B,236B,243B,254B,268B,283B,298B,307B,302B,312B,322B,329B,337B,342B,347B,349B,353B,358B,359B,336B
Zambia,3.75B,3.8B,3.7B,3.82B,4.29B,5B,4.73B,5.1B,5.16B,5.14B,5.39B,5.38B,5.88B,5.82B,6.2B,6.06B,6.43B,6.14B,6.17B,5.99B,6.17B,6.55B,6.36B,6.24B,6.22B,6.32B,6.36B,6.53B,6.94B,6.87B,6.84B,6.84B,6.72B,7.18B,6.56B,6.75B,7.17B,7.44B,7.41B,7.76B,8.06B,8.49B,8.87B,9.49B,10.2B,10.9B,11.7B,12.7B,13.7B,15B,16.5B,17.4B,18.8B,19.7B,20.6B,21.3B,22.1B,22.8B,23.7B,24.1B,23.4B
Zimbabwe,4.4B,4.68B,4.74B,5.04B,4.98B,5.23B,5.31B,5.75B,5.87B,6.6B,8.08B,8.8B,9.54B,9.79B,10.4B,10.2B,10.3B,9.58B,9.32B,9.62B,11B,12.4B,12.7B,12.9B,12.7B,13.6B,13.8B,14B,15.1B,15.8B,16.9B,17.9B,16.3B,16.4B,18B,18B,19.8B,20.4B,21B,20.8B,20.2B,20.5B,18.6B,15.5B,14.6B,13.7B,13.3B,12.8B,10.5B,11.8B,14.1B,16.1B,18.8B,19.2B,19.6B,20B,20.1B,21.1B,22.1B,20.7B,19.4B
